-- phpMyAdmin SQL Dump
-- version 4.9.2
-- https://www.phpmyadmin.net/
--
-- Host: 127.0.0.1
-- Generation Time: Apr 01, 2020 at 12:14 PM
-- Server version: 10.4.11-MariaDB
-- PHP Version: 7.4.1

SET SQL_MODE = "NO_AUTO_VALUE_ON_ZERO";
SET AUTOCOMMIT = 0;
START TRANSACTION;
SET time_zone = "+00:00";


/*!40101 SET @OLD_CHARACTER_SET_CLIENT=@@CHARACTER_SET_CLIENT */;
/*!40101 SET @OLD_CHARACTER_SET_RESULTS=@@CHARACTER_SET_RESULTS */;
/*!40101 SET @OLD_COLLATION_CONNECTION=@@COLLATION_CONNECTION */;
/*!40101 SET NAMES utf8mb4 */;

--
-- Database: `srms`
--

-- --------------------------------------------------------

--
-- Table structure for table `admin`
--

CREATE TABLE `admin` (
  `id` int(11) NOT NULL,
  `UserName` varchar(100) DEFAULT NULL,
  `Password` varchar(100) DEFAULT NULL,
  `updationDate` timestamp NULL DEFAULT NULL
) ENGINE=InnoDB DEFAULT CHARSET=latin1;

--
-- Dumping data for table `admin`
--

INSERT INTO `admin` (`id`, `UserName`, `Password`, `updationDate`) VALUES
(1, 'admin', 'f925916e2754e5e03f75dd58a5733251', '2017-05-13 11:18:49');

-- --------------------------------------------------------

--
-- Table structure for table `tblclasses`
--

CREATE TABLE `tblclasses` (
  `id` int(11) NOT NULL,
  `ClassName` varchar(80) DEFAULT NULL,
  `ClassNameNumeric` int(4) DEFAULT NULL,
  `Section` varchar(5) DEFAULT NULL,
  `CreationDate` timestamp NULL DEFAULT current_timestamp(),
  `UpdationDate` timestamp NULL DEFAULT NULL
) ENGINE=InnoDB DEFAULT CHARSET=latin1;

--
-- Dumping data for table `tblclasses`
--

INSERT INTO `tblclasses` (`id`, `ClassName`, `ClassNameNumeric`, `Section`, `CreationDate`, `UpdationDate`) VALUES
(1, 'BCA', 1, '4', '2017-06-06 16:52:33', '2017-06-07 05:53:47'),
(2, 'MCA', 2, '3', '2017-06-06 17:21:20', '2017-06-06 17:21:38');

-- --------------------------------------------------------

--
-- Table structure for table `tblresult`
--

CREATE TABLE `tblresult` (
  `id` int(11) NOT NULL,
  `StudentId` int(11) DEFAULT NULL,
  `ClassId` int(11) DEFAULT NULL,
  `SubjectId` int(11) DEFAULT NULL,
  `marks` int(11) DEFAULT NULL,
  `PostingDate` timestamp NULL DEFAULT current_timestamp(),
  `UpdationDate` timestamp NULL DEFAULT NULL
) ENGINE=InnoDB DEFAULT CHARSET=latin1;

--
-- Dumping data for table `tblresult`
--

INSERT INTO `tblresult` (`id`, `StudentId`, `ClassId`, `SubjectId`, `marks`, `PostingDate`, `UpdationDate`) VALUES
(2, 1, 1, 2, 100, '2017-08-24 17:54:09', '2017-08-28 18:34:32'),
(3, 1, 1, 1, 80, '2017-08-24 17:54:09', '2017-08-28 18:34:25'),
(4, 1, 1, 5, 78, '2017-08-24 17:54:09', '2017-08-28 18:34:26'),
(5, 1, 1, 4, 60, '2017-08-24 17:54:09', '2017-08-28 18:34:26'),
(6, 2, 4, 2, 90, '2017-08-28 18:38:18', NULL),
(7, 2, 4, 1, 75, '2017-08-28 18:38:18', NULL),
(8, 2, 4, 5, 56, '2017-08-28 18:38:18', '2017-08-28 19:26:42'),
(9, 2, 4, 4, 80, '2017-08-28 18:38:18', '2017-08-28 19:26:42'),
(10, 4, 7, 2, 54, '2017-08-28 18:56:21', '2017-08-28 19:03:10'),
(11, 4, 7, 1, 85, '2017-08-28 18:56:21', NULL),
(12, 4, 7, 5, 55, '2017-08-28 18:56:21', '2017-08-28 19:03:10'),
(13, 4, 7, 7, 65, '2017-08-28 18:56:21', '2017-08-28 19:03:10'),
(14, 5, 8, 2, 75, '2017-08-28 19:25:07', NULL),
(15, 5, 8, 1, 56, '2017-08-28 19:25:07', NULL),
(16, 5, 8, 5, 52, '2017-08-28 19:25:07', NULL),
(17, 5, 8, 4, 80, '2017-08-28 19:25:07', NULL),
(18, 1002, 1, 2, 6565, '2020-04-01 09:07:08', NULL),
(19, 1003, 1, 2, 90, '2020-04-01 10:13:10', NULL);

-- --------------------------------------------------------

--
-- Table structure for table `tblstudents`
--

CREATE TABLE `tblstudents` (
  `StudentId` int(11) NOT NULL,
  `StudentName` varchar(100) DEFAULT NULL,
  `RollId` varchar(100) DEFAULT NULL,
  `StudentEmail` varchar(100) DEFAULT NULL,
  `Gender` varchar(10) DEFAULT NULL,
  `DOB` varchar(100) DEFAULT NULL,
  `ClassId` int(11) DEFAULT NULL,
  `RegDate` timestamp NULL DEFAULT current_timestamp(),
  `UpdationDate` timestamp NULL DEFAULT NULL,
  `Status` int(1) DEFAULT NULL
) ENGINE=InnoDB DEFAULT CHARSET=latin1;

--
-- Dumping data for table `tblstudents`
--

INSERT INTO `tblstudents` (`StudentId`, `StudentName`, `RollId`, `StudentEmail`, `Gender`, `DOB`, `ClassId`, `RegDate`, `UpdationDate`, `Status`) VALUES
(0, 'shivam', '99999', NULL, 'Male', NULL, 1, '2020-03-31 05:18:56', '2020-03-31 05:18:56', 1),
(1, 'Basia', '1', 'bbriiginshaw0@narod.ru', 'Female', '7/22/1999', 1, '2020-03-31 05:16:24', '2020-03-31 05:16:48', 1),
(2, 'Terrel', '2', 'tcoaker1@exblog.jp', 'Male', '9/14/1995', 1, '2020-03-31 05:16:24', '2020-03-31 05:16:48', 1),
(3, 'Ransell', '3', 'rmeffin2@nsw.gov.au', 'Male', '12/25/1999', 1, '2020-03-31 05:16:24', '2020-03-31 05:16:48', 1),
(4, 'Daphene', '4', 'dkitchiner3@cdbaby.com', 'Female', '9/6/1995', 2, '2020-03-31 05:16:24', '2020-03-31 05:16:48', 1),
(5, 'Gustaf', '5', 'gblakebrough4@amazon.co.uk', 'Male', '6/14/1995', 2, '2020-03-31 05:16:24', '2020-03-31 05:16:48', 1),
(6, 'Shelly', '6', 'sgritton5@newsvine.com', 'Female', '4/21/1995', 2, '2020-03-31 05:16:24', '2020-03-31 05:16:48', 1),
(7, 'Erek', '7', 'ejeffray6@nydailynews.com', 'Male', '8/15/1997', 2, '2020-03-31 05:16:24', '2020-03-31 05:16:48', 1),
(8, 'Katti', '8', 'kheffron7@issuu.com', 'Female', '7/28/1998', 2, '2020-03-31 05:16:24', '2020-03-31 05:16:48', 1),
(9, 'Devan', '9', 'dthornley8@unblog.fr', 'Female', '6/21/1995', 1, '2020-03-31 05:16:24', '2020-03-31 05:16:48', 1),
(10, 'Judi', '10', 'jbarrie9@prlog.org', 'Female', '1/9/2000', 2, '2020-03-31 05:16:24', '2020-03-31 05:16:48', 1),
(11, 'Kristoforo', '11', 'kdengatea@yandex.ru', 'Male', '5/9/1997', 2, '2020-03-31 05:16:24', '2020-03-31 05:16:48', 1),
(12, 'Lynn', '12', 'lpetrillob@webs.com', 'Male', '3/24/1997', 1, '2020-03-31 05:16:24', '2020-03-31 05:16:48', 1),
(13, 'Knox', '13', 'kvarranc@xrea.com', 'Male', '1/19/2000', 1, '2020-03-31 05:16:24', '2020-03-31 05:16:48', 1),
(14, 'Wash', '14', 'wjackettsd@slate.com', 'Male', '7/15/1998', 1, '2020-03-31 05:16:24', '2020-03-31 05:16:48', 1),
(15, 'Thea', '15', 'tnewisse@rediff.com', 'Female', '4/17/1997', 2, '2020-03-31 05:16:24', '2020-03-31 05:16:48', 1),
(16, 'Tuckie', '16', 'tmaddenf@deviantart.com', 'Male', '4/25/1997', 1, '2020-03-31 05:16:24', '2020-03-31 05:16:48', 1),
(17, 'Allyn', '17', 'aadamovg@woothemes.com', 'Male', '12/23/1998', 2, '2020-03-31 05:16:24', '2020-03-31 05:16:48', 1),
(18, 'Lynnea', '18', 'lfrauloh@networkadvertising.org', 'Female', '6/29/1997', 1, '2020-03-31 05:16:24', '2020-03-31 05:16:48', 1),
(19, 'Norri', '19', 'ncundei@typepad.com', 'Female', '12/12/1997', 1, '2020-03-31 05:16:24', '2020-03-31 05:16:48', 1),
(20, 'Abeu', '20', 'afrekej@freewebs.com', 'Male', '11/4/1998', 1, '2020-03-31 05:16:24', '2020-03-31 05:16:48', 1),
(21, 'Flory', '21', 'fcecik@icio.us', 'Female', '7/10/1995', 2, '2020-03-31 05:16:24', '2020-03-31 05:16:48', 1),
(22, 'Swen', '22', 'sashmentl@apple.com', 'Male', '10/27/1998', 2, '2020-03-31 05:16:24', '2020-03-31 05:16:48', 1),
(23, 'Welch', '23', 'wkilcullenm@mayoclinic.com', 'Male', '9/30/1995', 1, '2020-03-31 05:16:24', '2020-03-31 05:16:48', 1),
(24, 'Ulrica', '24', 'ufulkn@yellowbook.com', 'Female', '10/6/1995', 2, '2020-03-31 05:16:24', '2020-03-31 05:16:48', 1),
(25, 'Ad', '25', 'adunkersleyo@soundcloud.com', 'Male', '10/19/1996', 1, '2020-03-31 05:16:24', '2020-03-31 05:16:48', 1),
(26, 'Kelsey', '26', 'kcrosstonp@live.com', 'Female', '2/21/1996', 1, '2020-03-31 05:16:24', '2020-03-31 05:16:48', 1),
(27, 'Abey', '27', 'abassfordq@tinyurl.com', 'Male', '8/23/1997', 2, '2020-03-31 05:16:24', '2020-03-31 05:16:48', 1),
(28, 'Jacki', '28', 'jsloaner@soundcloud.com', 'Female', '5/14/1996', 2, '2020-03-31 05:16:24', '2020-03-31 05:16:48', 1),
(29, 'Valencia', '29', 'vaimables@npr.org', 'Female', '6/26/1996', 2, '2020-03-31 05:16:24', '2020-03-31 05:16:48', 1),
(30, 'Dana', '30', 'dbullimoret@phoca.cz', 'Male', '10/25/1995', 1, '2020-03-31 05:16:24', '2020-03-31 05:16:48', 1),
(31, 'Brandice', '31', 'bgarthshoreu@ebay.co.uk', 'Female', '6/2/1995', 1, '2020-03-31 05:16:24', '2020-03-31 05:16:48', 1),
(32, 'Garek', '32', 'gcrewdsonv@jalbum.net', 'Male', '10/26/1996', 2, '2020-03-31 05:16:24', '2020-03-31 05:16:48', 1),
(33, 'Mora', '33', 'mollerw@squarespace.com', 'Female', '6/24/1995', 1, '2020-03-31 05:16:24', '2020-03-31 05:16:48', 1),
(34, 'Francine', '34', 'fegentanx@mozilla.org', 'Female', '1/3/1999', 1, '2020-03-31 05:16:24', '2020-03-31 05:16:48', 1),
(35, 'Jerad', '35', 'jogianyy@ovh.net', 'Male', '4/7/1995', 1, '2020-03-31 05:16:24', '2020-03-31 05:16:48', 1),
(36, 'Grant', '36', 'galejandrez@bizjournals.com', 'Male', '12/24/1995', 2, '2020-03-31 05:16:24', '2020-03-31 05:16:48', 1),
(37, 'Annie', '37', 'ahouselee10@clickbank.net', 'Female', '6/5/1995', 2, '2020-03-31 05:16:24', '2020-03-31 05:16:48', 1),
(38, 'Chad', '38', 'cbrassill11@globo.com', 'Male', '1/28/1997', 2, '2020-03-31 05:16:24', '2020-03-31 05:16:48', 1),
(39, 'Agata', '39', 'agasparro12@berkeley.edu', 'Female', '10/2/1999', 1, '2020-03-31 05:16:24', '2020-03-31 05:16:48', 1),
(40, 'Jedidiah', '40', 'jkarim13@networksolutions.com', 'Male', '2/14/1996', 2, '2020-03-31 05:16:24', '2020-03-31 05:16:48', 1),
(41, 'Norah', '41', 'ncamies14@prnewswire.com', 'Female', '10/13/1999', 2, '2020-03-31 05:16:24', '2020-03-31 05:16:48', 1),
(42, 'Betteann', '42', 'bpennings15@sun.com', 'Female', '4/14/1996', 2, '2020-03-31 05:16:24', '2020-03-31 05:16:48', 1),
(43, 'Gustaf', '43', 'gotierney16@irs.gov', 'Male', '4/1/1999', 1, '2020-03-31 05:16:24', '2020-03-31 05:16:48', 1),
(44, 'Bernita', '44', 'bsinclair17@home.pl', 'Female', '9/14/1996', 2, '2020-03-31 05:16:24', '2020-03-31 05:16:48', 1),
(45, 'Jeramey', '45', 'jsoaper18@vistaprint.com', 'Male', '10/5/1997', 2, '2020-03-31 05:16:24', '2020-03-31 05:16:48', 1),
(46, 'Ulrike', '46', 'uminker19@hostgator.com', 'Female', '8/9/1995', 1, '2020-03-31 05:16:24', '2020-03-31 05:16:48', 1),
(47, 'Asher', '47', 'adouty1a@qq.com', 'Male', '10/18/1998', 1, '2020-03-31 05:16:24', '2020-03-31 05:16:48', 1),
(48, 'Mozelle', '48', 'mcatling1b@cmu.edu', 'Female', '3/21/2000', 2, '2020-03-31 05:16:24', '2020-03-31 05:16:48', 1),
(49, 'Ranice', '49', 'rbarnhart1c@yellowpages.com', 'Female', '6/19/1995', 2, '2020-03-31 05:16:24', '2020-03-31 05:16:48', 1),
(50, 'Verile', '50', 'vjiggen1d@privacy.gov.au', 'Female', '8/15/1996', 1, '2020-03-31 05:16:24', '2020-03-31 05:16:48', 1),
(51, 'Eirena', '51', 'eeixenberger1e@ucla.edu', 'Female', '3/8/1997', 1, '2020-03-31 05:16:24', '2020-03-31 05:16:48', 1),
(52, 'Felipa', '52', 'fudey1f@marketwatch.com', 'Female', '5/1/1998', 2, '2020-03-31 05:16:24', '2020-03-31 05:16:48', 1),
(53, 'Beverie', '53', 'bjanning1g@msu.edu', 'Female', '10/17/1998', 1, '2020-03-31 05:16:24', '2020-03-31 05:16:48', 1),
(54, 'Dionne', '54', 'dkwietak1h@geocities.com', 'Female', '10/15/1999', 1, '2020-03-31 05:16:24', '2020-03-31 05:16:48', 1),
(55, 'Freda', '55', 'fpeel1i@gnu.org', 'Female', '6/8/1999', 1, '2020-03-31 05:16:24', '2020-03-31 05:16:48', 1),
(56, 'Tracie', '56', 'tbriston1j@canalblog.com', 'Female', '7/7/1997', 2, '2020-03-31 05:16:24', '2020-03-31 05:16:48', 1),
(57, 'Lorrie', '57', 'lmckendry1k@jugem.jp', 'Female', '3/19/1997', 1, '2020-03-31 05:16:24', '2020-03-31 05:16:48', 1),
(58, 'Mart', '58', 'mconti1l@netlog.com', 'Male', '12/20/1999', 2, '2020-03-31 05:16:24', '2020-03-31 05:16:48', 1),
(59, 'Graehme', '59', 'gwebberley1m@aboutads.info', 'Male', '12/29/1998', 1, '2020-03-31 05:16:24', '2020-03-31 05:16:48', 1),
(60, 'Willie', '60', 'wfonte1n@mediafire.com', 'Female', '4/29/1995', 1, '2020-03-31 05:16:24', '2020-03-31 05:16:48', 1),
(61, 'Cord', '61', 'ckinker1o@ifeng.com', 'Male', '11/14/1999', 1, '2020-03-31 05:16:24', '2020-03-31 05:16:48', 1),
(62, 'Issi', '62', 'icarrier1p@adobe.com', 'Female', '7/26/1998', 2, '2020-03-31 05:16:24', '2020-03-31 05:16:48', 1),
(63, 'Enrica', '63', 'ebeesley1q@hao123.com', 'Female', '7/14/1996', 1, '2020-03-31 05:16:24', '2020-03-31 05:16:48', 1),
(64, 'Haleigh', '64', 'hwhittock1r@yale.edu', 'Male', '9/30/1995', 1, '2020-03-31 05:16:24', '2020-03-31 05:16:48', 1),
(65, 'Paule', '65', 'parndt1s@sbwire.com', 'Female', '2/12/2000', 2, '2020-03-31 05:16:24', '2020-03-31 05:16:48', 1),
(66, 'Tallou', '66', 'tshedden1t@dagondesign.com', 'Female', '3/5/1998', 2, '2020-03-31 05:16:24', '2020-03-31 05:16:48', 1),
(67, 'Hersch', '67', 'hocurran1u@dot.gov', 'Male', '5/15/1997', 1, '2020-03-31 05:16:24', '2020-03-31 05:16:48', 1),
(68, 'Freda', '68', 'fsinclar1v@aboutads.info', 'Female', '2/22/1998', 2, '2020-03-31 05:16:24', '2020-03-31 05:16:48', 1),
(69, 'Thacher', '69', 'tstatefield1w@tinypic.com', 'Male', '5/17/1996', 1, '2020-03-31 05:16:24', '2020-03-31 05:16:48', 1),
(70, 'Christabel', '70', 'cdahlberg1x@angelfire.com', 'Female', '11/2/1995', 2, '2020-03-31 05:16:24', '2020-03-31 05:16:48', 1),
(71, 'Clare', '71', 'cship1y@dagondesign.com', 'Male', '3/13/1997', 2, '2020-03-31 05:16:24', '2020-03-31 05:16:48', 1),
(72, 'Travers', '72', 'tkurton1z@google.fr', 'Male', '5/4/1997', 2, '2020-03-31 05:16:24', '2020-03-31 05:16:48', 1),
(73, 'Janot', '73', 'jantill20@hp.com', 'Female', '5/26/1996', 1, '2020-03-31 05:16:24', '2020-03-31 05:16:48', 1),
(74, 'Hally', '74', 'hpaddemore21@amazon.com', 'Female', '8/24/1996', 2, '2020-03-31 05:16:24', '2020-03-31 05:16:48', 1),
(75, 'Oralee', '75', 'odunsford22@imgur.com', 'Female', '7/30/1997', 1, '2020-03-31 05:16:24', '2020-03-31 05:16:48', 1),
(76, 'Vally', '76', 'vaysh23@bloglines.com', 'Female', '2/5/2000', 1, '2020-03-31 05:16:24', '2020-03-31 05:16:48', 1),
(77, 'Camellia', '77', 'cwiddicombe24@merriam-webster.com', 'Female', '7/1/1999', 1, '2020-03-31 05:16:24', '2020-03-31 05:16:48', 1),
(78, 'Thatcher', '78', 'teul25@hexun.com', 'Male', '11/16/1997', 1, '2020-03-31 05:16:24', '2020-03-31 05:16:48', 1),
(79, 'Jillie', '79', 'jbullocke26@state.gov', 'Female', '1/2/1999', 2, '2020-03-31 05:16:24', '2020-03-31 05:16:48', 1),
(80, 'Isiahi', '80', 'idevanny27@sun.com', 'Male', '12/21/1999', 1, '2020-03-31 05:16:24', '2020-03-31 05:16:48', 1),
(81, 'Ellissa', '81', 'edeniske28@slashdot.org', 'Female', '2/5/2000', 1, '2020-03-31 05:16:24', '2020-03-31 05:16:48', 1),
(82, 'Normie', '82', 'nfairpo29@trellian.com', 'Male', '8/14/1998', 2, '2020-03-31 05:16:24', '2020-03-31 05:16:48', 1),
(83, 'Grace', '83', 'gdevlin2a@prlog.org', 'Female', '6/15/1995', 1, '2020-03-31 05:16:24', '2020-03-31 05:16:48', 1),
(84, 'Jerad', '84', 'jbrise2b@newyorker.com', 'Male', '5/31/1995', 1, '2020-03-31 05:16:24', '2020-03-31 05:16:48', 1),
(85, 'Megan', '85', 'mbend2c@nbcnews.com', 'Female', '9/30/1995', 2, '2020-03-31 05:16:24', '2020-03-31 05:16:48', 1),
(86, 'Vassili', '86', 'vlathom2d@gizmodo.com', 'Male', '8/7/1998', 1, '2020-03-31 05:16:24', '2020-03-31 05:16:48', 1),
(87, 'Cyndy', '87', 'cforstall2e@msu.edu', 'Female', '11/15/1995', 2, '2020-03-31 05:16:24', '2020-03-31 05:16:48', 1),
(88, 'Olin', '88', 'obartke2f@blogger.com', 'Male', '12/9/1997', 2, '2020-03-31 05:16:24', '2020-03-31 05:16:48', 1),
(89, 'Roderich', '89', 'rbrocklebank2g@xing.com', 'Male', '8/23/1997', 2, '2020-03-31 05:16:24', '2020-03-31 05:16:48', 1),
(90, 'Britni', '90', 'bilchuk2h@disqus.com', 'Female', '6/18/1997', 2, '2020-03-31 05:16:24', '2020-03-31 05:16:48', 1),
(91, 'Hatti', '91', 'hgarrit2i@bloglovin.com', 'Female', '3/3/1996', 1, '2020-03-31 05:16:24', '2020-03-31 05:16:48', 1),
(92, 'Debora', '92', 'dghest2j@sphinn.com', 'Female', '7/16/1999', 2, '2020-03-31 05:16:24', '2020-03-31 05:16:48', 1),
(93, 'Marcia', '93', 'msergeaunt2k@omniture.com', 'Female', '5/24/1998', 2, '2020-03-31 05:16:24', '2020-03-31 05:16:48', 1),
(94, 'Ax', '94', 'agile2l@xinhuanet.com', 'Male', '9/18/1998', 1, '2020-03-31 05:16:24', '2020-03-31 05:16:48', 1),
(95, 'Rudyard', '95', 'robin2m@elegantthemes.com', 'Male', '1/6/2000', 1, '2020-03-31 05:16:24', '2020-03-31 05:16:48', 1),
(96, 'Tamarah', '96', 'tesmond2n@goo.ne.jp', 'Female', '6/29/1997', 1, '2020-03-31 05:16:24', '2020-03-31 05:16:48', 1),
(97, 'Peggie', '97', 'psphinxe2o@guardian.co.uk', 'Female', '12/19/1998', 1, '2020-03-31 05:16:24', '2020-03-31 05:16:48', 1),
(98, 'Crystal', '98', 'ckohtler2p@squarespace.com', 'Female', '9/8/1996', 2, '2020-03-31 05:16:24', '2020-03-31 05:16:48', 1),
(99, 'Samaria', '99', 'scotgrove2q@cmu.edu', 'Female', '8/6/1998', 2, '2020-03-31 05:16:24', '2020-03-31 05:16:48', 1),
(100, 'Merrielle', '100', 'mtatnell2r@vinaora.com', 'Female', '10/22/1996', 2, '2020-03-31 05:16:24', '2020-03-31 05:16:48', 1),
(101, 'Ilise', '101', 'inegro2s@bbb.org', 'Female', '6/25/1996', 2, '2020-03-31 05:16:24', '2020-03-31 05:16:48', 1),
(102, 'Hogan', '102', 'hchaffin2t@themeforest.net', 'Male', '11/1/1998', 2, '2020-03-31 05:16:24', '2020-03-31 05:16:48', 1),
(103, 'Florrie', '103', 'fvenditto2u@theguardian.com', 'Female', '6/9/1997', 1, '2020-03-31 05:16:24', '2020-03-31 05:16:48', 1),
(104, 'Suzanne', '104', 'sloverock2v@hhs.gov', 'Female', '5/31/1998', 2, '2020-03-31 05:16:24', '2020-03-31 05:16:48', 1),
(105, 'Adrian', '105', 'abassil2w@indiegogo.com', 'Male', '4/16/1997', 1, '2020-03-31 05:16:24', '2020-03-31 05:16:48', 1),
(106, 'Gaby', '106', 'gpadkin2x@taobao.com', 'Male', '4/16/1996', 1, '2020-03-31 05:16:24', '2020-03-31 05:16:48', 1),
(107, 'Monte', '107', 'mhallex2y@live.com', 'Male', '8/24/1997', 2, '2020-03-31 05:16:24', '2020-03-31 05:16:48', 1),
(108, 'Hewe', '108', 'hpridding2z@pinterest.com', 'Male', '12/10/1998', 1, '2020-03-31 05:16:24', '2020-03-31 05:16:48', 1),
(109, 'Chance', '109', 'cmaccague30@tinyurl.com', 'Male', '5/12/1995', 1, '2020-03-31 05:16:24', '2020-03-31 05:16:48', 1),
(110, 'Nestor', '110', 'ndimock31@1688.com', 'Male', '11/18/1999', 1, '2020-03-31 05:16:24', '2020-03-31 05:16:48', 1),
(111, 'Sophi', '111', 'semlin32@cdc.gov', 'Female', '6/15/1995', 1, '2020-03-31 05:16:24', '2020-03-31 05:16:48', 1),
(112, 'Mireielle', '112', 'mfright33@ovh.net', 'Female', '5/30/1996', 2, '2020-03-31 05:16:24', '2020-03-31 05:16:48', 1),
(113, 'Gerianne', '113', 'gspyby34@reddit.com', 'Female', '2/29/2000', 2, '2020-03-31 05:16:24', '2020-03-31 05:16:48', 1),
(114, 'Junette', '114', 'jdinesen35@cam.ac.uk', 'Female', '3/25/2000', 1, '2020-03-31 05:16:24', '2020-03-31 05:16:48', 1),
(115, 'Neddie', '115', 'nmardle36@noaa.gov', 'Male', '1/10/1996', 2, '2020-03-31 05:16:24', '2020-03-31 05:16:48', 1),
(116, 'Scot', '116', 'swyld37@newyorker.com', 'Male', '4/2/1998', 1, '2020-03-31 05:16:24', '2020-03-31 05:16:48', 1),
(117, 'Alyce', '117', 'alamlin38@github.io', 'Female', '2/26/1998', 2, '2020-03-31 05:16:24', '2020-03-31 05:16:48', 1),
(118, 'Beitris', '118', 'bwoodvine39@is.gd', 'Female', '1/18/1996', 2, '2020-03-31 05:16:24', '2020-03-31 05:16:48', 1),
(119, 'Sutton', '119', 'sayris3a@dyndns.org', 'Male', '8/18/1996', 2, '2020-03-31 05:16:24', '2020-03-31 05:16:48', 1),
(120, 'Dore', '120', 'dbuddleigh3b@europa.eu', 'Female', '4/9/1998', 1, '2020-03-31 05:16:24', '2020-03-31 05:16:48', 1),
(121, 'Cicily', '121', 'cdrugan3c@thetimes.co.uk', 'Female', '7/7/1995', 2, '2020-03-31 05:16:24', '2020-03-31 05:16:48', 1),
(122, 'Margy', '122', 'mokker3d@dmoz.org', 'Female', '8/17/1997', 2, '2020-03-31 05:16:24', '2020-03-31 05:16:48', 1),
(123, 'Wilhelm', '123', 'wrichardet3e@networkadvertising.org', 'Male', '3/5/1999', 2, '2020-03-31 05:16:24', '2020-03-31 05:16:48', 1),
(124, 'Cele', '124', 'clloyd3f@fema.gov', 'Female', '6/19/1995', 2, '2020-03-31 05:16:24', '2020-03-31 05:16:48', 1),
(125, 'Lea', '125', 'ltatford3g@google.com.hk', 'Female', '12/8/1997', 2, '2020-03-31 05:16:24', '2020-03-31 05:16:48', 1),
(126, 'Ketty', '126', 'kscardefield3h@ed.gov', 'Female', '12/19/1995', 1, '2020-03-31 05:16:24', '2020-03-31 05:16:48', 1),
(127, 'Editha', '127', 'etillard3i@edublogs.org', 'Female', '7/5/1997', 2, '2020-03-31 05:16:24', '2020-03-31 05:16:48', 1),
(128, 'Tammy', '128', 'tdalgleish3j@pen.io', 'Male', '8/18/1996', 2, '2020-03-31 05:16:24', '2020-03-31 05:16:48', 1),
(129, 'Dilly', '129', 'ddametti3k@unesco.org', 'Male', '10/23/1998', 2, '2020-03-31 05:16:24', '2020-03-31 05:16:48', 1),
(130, 'Ugo', '130', 'uburman3l@rakuten.co.jp', 'Male', '6/14/1995', 2, '2020-03-31 05:16:24', '2020-03-31 05:16:48', 1),
(131, 'Justen', '131', 'jdelayglesia3m@accuweather.com', 'Male', '8/2/1999', 1, '2020-03-31 05:16:24', '2020-03-31 05:16:48', 1),
(132, 'Malchy', '132', 'mbarton3n@bloomberg.com', 'Male', '10/28/1999', 1, '2020-03-31 05:16:24', '2020-03-31 05:16:48', 1),
(133, 'Lanni', '133', 'ldenerley3o@sphinn.com', 'Female', '12/12/1996', 2, '2020-03-31 05:16:24', '2020-03-31 05:16:48', 1),
(134, 'Paddie', '134', 'phearley3p@nifty.com', 'Male', '4/2/1996', 1, '2020-03-31 05:16:24', '2020-03-31 05:16:48', 1),
(135, 'Burr', '135', 'bpickavance3q@dropbox.com', 'Male', '1/16/1998', 2, '2020-03-31 05:16:24', '2020-03-31 05:16:48', 1),
(136, 'Moyna', '136', 'mgorrie3r@webmd.com', 'Female', '1/30/1996', 2, '2020-03-31 05:16:24', '2020-03-31 05:16:48', 1),
(137, 'Far', '137', 'fkieran3s@msu.edu', 'Male', '5/31/1996', 1, '2020-03-31 05:16:24', '2020-03-31 05:16:48', 1),
(138, 'Adaline', '138', 'aboatwright3t@yelp.com', 'Female', '10/1/1999', 1, '2020-03-31 05:16:24', '2020-03-31 05:16:48', 1),
(139, 'Chevy', '139', 'cizakof3u@arstechnica.com', 'Male', '3/27/1997', 2, '2020-03-31 05:16:24', '2020-03-31 05:16:48', 1),
(140, 'Clare', '140', 'ctuminini3v@51.la', 'Male', '9/20/1997', 2, '2020-03-31 05:16:24', '2020-03-31 05:16:48', 1),
(141, 'Grannie', '141', 'gmathet3w@cnbc.com', 'Male', '8/15/1996', 2, '2020-03-31 05:16:24', '2020-03-31 05:16:48', 1),
(142, 'Abby', '142', 'apickervance3x@latimes.com', 'Female', '1/22/1998', 2, '2020-03-31 05:16:24', '2020-03-31 05:16:48', 1),
(143, 'Arie', '143', 'alarive3y@ask.com', 'Male', '4/5/1995', 2, '2020-03-31 05:16:24', '2020-03-31 05:16:48', 1),
(144, 'Jilleen', '144', 'jschenfisch3z@google.ru', 'Female', '11/29/1997', 2, '2020-03-31 05:16:24', '2020-03-31 05:16:48', 1),
(145, 'Margaret', '145', 'mrawood40@qq.com', 'Female', '5/11/1996', 2, '2020-03-31 05:16:24', '2020-03-31 05:16:48', 1),
(146, 'Rikki', '146', 'rarchibould41@shop-pro.jp', 'Female', '8/9/1995', 1, '2020-03-31 05:16:24', '2020-03-31 05:16:48', 1),
(147, 'Caryn', '147', 'ctyt42@163.com', 'Female', '6/28/1997', 1, '2020-03-31 05:16:24', '2020-03-31 05:16:48', 1),
(148, 'Winny', '148', 'wfihelly43@qq.com', 'Male', '5/30/1997', 1, '2020-03-31 05:16:24', '2020-03-31 05:16:48', 1),
(149, 'Celie', '149', 'ccawtheray44@creativecommons.org', 'Female', '5/6/1995', 1, '2020-03-31 05:16:24', '2020-03-31 05:16:48', 1),
(150, 'Bunnie', '150', 'bheeley45@slate.com', 'Female', '12/25/1998', 2, '2020-03-31 05:16:24', '2020-03-31 05:16:48', 1),
(151, 'Boniface', '151', 'bdaulby46@reuters.com', 'Male', '3/22/1997', 2, '2020-03-31 05:16:24', '2020-03-31 05:16:48', 1),
(152, 'Haley', '152', 'hjennemann47@pbs.org', 'Male', '10/30/1995', 2, '2020-03-31 05:16:24', '2020-03-31 05:16:48', 1),
(153, 'Jaymie', '153', 'jmallock48@acquirethisname.com', 'Male', '11/7/1995', 1, '2020-03-31 05:16:24', '2020-03-31 05:16:48', 1),
(154, 'Marcelia', '154', 'mkleinert49@mlb.com', 'Female', '7/23/1998', 2, '2020-03-31 05:16:24', '2020-03-31 05:16:48', 1),
(155, 'Erasmus', '155', 'eswadlinge4a@independent.co.uk', 'Male', '12/21/1996', 1, '2020-03-31 05:16:24', '2020-03-31 05:16:48', 1),
(156, 'Reta', '156', 'rgarbar4b@sfgate.com', 'Female', '1/31/1998', 2, '2020-03-31 05:16:24', '2020-03-31 05:16:48', 1),
(157, 'Cary', '157', 'cdavys4c@deliciousdays.com', 'Male', '8/21/1999', 2, '2020-03-31 05:16:24', '2020-03-31 05:16:48', 1),
(158, 'Dwain', '158', 'ddymoke4d@ocn.ne.jp', 'Male', '12/30/1998', 2, '2020-03-31 05:16:24', '2020-03-31 05:16:48', 1),
(159, 'Jacques', '159', 'jniven4e@amazon.co.jp', 'Male', '6/12/1999', 2, '2020-03-31 05:16:24', '2020-03-31 05:16:48', 1),
(160, 'Jasmina', '160', 'jmacfarlan4f@over-blog.com', 'Female', '6/18/1996', 1, '2020-03-31 05:16:24', '2020-03-31 05:16:48', 1),
(161, 'Kenny', '161', 'kslogrove4g@bing.com', 'Male', '4/17/1995', 1, '2020-03-31 05:16:24', '2020-03-31 05:16:48', 1),
(162, 'Margaretha', '162', 'mguerner4h@imageshack.us', 'Female', '3/29/1995', 2, '2020-03-31 05:16:24', '2020-03-31 05:16:48', 1),
(163, 'Emili', '163', 'eleer4i@biblegateway.com', 'Female', '4/19/1996', 1, '2020-03-31 05:16:24', '2020-03-31 05:16:48', 1),
(164, 'Hayden', '164', 'hbertson4j@rediff.com', 'Male', '9/6/1999', 2, '2020-03-31 05:16:24', '2020-03-31 05:16:48', 1),
(165, 'Deedee', '165', 'dmccandless4k@zimbio.com', 'Female', '3/17/1996', 2, '2020-03-31 05:16:24', '2020-03-31 05:16:48', 1),
(166, 'Adams', '166', 'apilbury4l@jiathis.com', 'Male', '9/13/1995', 2, '2020-03-31 05:16:24', '2020-03-31 05:16:48', 1),
(167, 'Heidie', '167', 'hivatts4m@discovery.com', 'Female', '11/17/1998', 2, '2020-03-31 05:16:24', '2020-03-31 05:16:48', 1),
(168, 'Daven', '168', 'dneed4n@ft.com', 'Male', '1/3/1999', 2, '2020-03-31 05:16:24', '2020-03-31 05:16:48', 1),
(169, 'Gage', '169', 'gsimonsson4o@netscape.com', 'Male', '2/26/1996', 1, '2020-03-31 05:16:24', '2020-03-31 05:16:48', 1),
(170, 'Mayer', '170', 'mlancley4p@list-manage.com', 'Male', '1/16/1998', 2, '2020-03-31 05:16:24', '2020-03-31 05:16:48', 1),
(171, 'Hubey', '171', 'hlightning4q@ftc.gov', 'Male', '4/5/1998', 1, '2020-03-31 05:16:24', '2020-03-31 05:16:48', 1),
(172, 'Zaria', '172', 'zdaglish4r@51.la', 'Female', '5/10/1998', 2, '2020-03-31 05:16:24', '2020-03-31 05:16:48', 1),
(173, 'Esdras', '173', 'ecorro4s@europa.eu', 'Male', '4/29/1995', 1, '2020-03-31 05:16:24', '2020-03-31 05:16:48', 1),
(174, 'Heloise', '174', 'hswyer4t@si.edu', 'Female', '7/19/1997', 2, '2020-03-31 05:16:24', '2020-03-31 05:16:48', 1),
(175, 'Ettie', '175', 'egrigorey4u@zdnet.com', 'Female', '4/13/1995', 1, '2020-03-31 05:16:24', '2020-03-31 05:16:48', 1),
(176, 'Tasia', '176', 'tguilloton4v@webeden.co.uk', 'Female', '6/13/1999', 2, '2020-03-31 05:16:24', '2020-03-31 05:16:48', 1),
(177, 'Marlowe', '177', 'mtuft4w@independent.co.uk', 'Male', '8/23/1999', 2, '2020-03-31 05:16:24', '2020-03-31 05:16:48', 1),
(178, 'Chicky', '178', 'chinzer4x@shop-pro.jp', 'Male', '11/13/1997', 1, '2020-03-31 05:16:24', '2020-03-31 05:16:48', 1),
(179, 'Caresse', '179', 'ccaslin4y@issuu.com', 'Female', '11/28/1999', 2, '2020-03-31 05:16:24', '2020-03-31 05:16:48', 1),
(180, 'Frederich', '180', 'fclubley4z@narod.ru', 'Male', '5/22/1996', 1, '2020-03-31 05:16:24', '2020-03-31 05:16:48', 1),
(181, 'Andonis', '181', 'aperrat50@umich.edu', 'Male', '11/6/1995', 1, '2020-03-31 05:16:24', '2020-03-31 05:16:48', 1),
(182, 'Jerrome', '182', 'jshorrock51@imageshack.us', 'Male', '3/2/1999', 2, '2020-03-31 05:16:24', '2020-03-31 05:16:48', 1),
(183, 'Ernestus', '183', 'eoheyne52@businessinsider.com', 'Male', '7/14/1995', 1, '2020-03-31 05:16:24', '2020-03-31 05:16:48', 1),
(184, 'Katuscha', '184', 'kschlagh53@vimeo.com', 'Female', '3/18/1999', 1, '2020-03-31 05:16:24', '2020-03-31 05:16:48', 1),
(185, 'Gill', '185', 'gscrivener54@github.com', 'Male', '12/6/1995', 1, '2020-03-31 05:16:24', '2020-03-31 05:16:48', 1),
(186, 'Hagan', '186', 'hriley55@google.es', 'Male', '7/13/1998', 1, '2020-03-31 05:16:24', '2020-03-31 05:16:48', 1),
(187, 'Leoline', '187', 'lmccandless56@bravesites.com', 'Female', '10/16/1996', 1, '2020-03-31 05:16:24', '2020-03-31 05:16:48', 1),
(188, 'Ryann', '188', 'rswendell57@dyndns.org', 'Female', '12/27/1998', 2, '2020-03-31 05:16:24', '2020-03-31 05:16:48', 1),
(189, 'Clair', '189', 'cpeerman58@gravatar.com', 'Male', '11/14/1997', 1, '2020-03-31 05:16:24', '2020-03-31 05:16:48', 1),
(190, 'Joaquin', '190', 'jcaistor59@simplemachines.org', 'Male', '11/29/1997', 1, '2020-03-31 05:16:24', '2020-03-31 05:16:48', 1),
(191, 'Boony', '191', 'bstraniero5a@barnesandnoble.com', 'Male', '10/4/1996', 1, '2020-03-31 05:16:24', '2020-03-31 05:16:48', 1),
(192, 'Filbert', '192', 'fleban5b@pbs.org', 'Male', '6/25/1995', 1, '2020-03-31 05:16:24', '2020-03-31 05:16:48', 1),
(193, 'Terri', '193', 'tcullip5c@hao123.com', 'Male', '4/14/1998', 2, '2020-03-31 05:16:24', '2020-03-31 05:16:48', 1),
(194, 'Emiline', '194', 'edietz5d@oracle.com', 'Female', '4/25/1995', 1, '2020-03-31 05:16:24', '2020-03-31 05:16:48', 1),
(195, 'Quinn', '195', 'qdomonkos5e@slashdot.org', 'Female', '3/24/1999', 1, '2020-03-31 05:16:24', '2020-03-31 05:16:48', 1),
(196, 'Herold', '196', 'hgirhard5f@nature.com', 'Male', '12/17/1999', 1, '2020-03-31 05:16:24', '2020-03-31 05:16:48', 1),
(197, 'Julieta', '197', 'jkahn5g@people.com.cn', 'Female', '3/19/1996', 1, '2020-03-31 05:16:24', '2020-03-31 05:16:48', 1),
(198, 'Felice', '198', 'fdanihelka5h@state.tx.us', 'Male', '5/14/1998', 2, '2020-03-31 05:16:24', '2020-03-31 05:16:48', 1),
(199, 'Sallie', '199', 'sstephen5i@com.com', 'Female', '11/15/1999', 2, '2020-03-31 05:16:24', '2020-03-31 05:16:48', 1),
(200, 'Bradley', '200', 'bazam5j@who.int', 'Male', '5/12/1995', 2, '2020-03-31 05:16:24', '2020-03-31 05:16:48', 1),
(201, 'Philip', '201', 'pbelden5k@edublogs.org', 'Male', '6/2/1997', 2, '2020-03-31 05:16:24', '2020-03-31 05:16:48', 1),
(202, 'Mischa', '202', 'mbrennen5l@who.int', 'Male', '8/12/1998', 2, '2020-03-31 05:16:24', '2020-03-31 05:16:48', 1),
(203, 'Amory', '203', 'aheyward5m@unesco.org', 'Male', '2/10/2000', 1, '2020-03-31 05:16:24', '2020-03-31 05:16:48', 1),
(204, 'Jase', '204', 'jwetherhead5n@va.gov', 'Male', '4/11/1995', 1, '2020-03-31 05:16:24', '2020-03-31 05:16:48', 1),
(205, 'Adore', '205', 'amallall5o@wordpress.org', 'Female', '6/30/1996', 1, '2020-03-31 05:16:24', '2020-03-31 05:16:48', 1),
(206, 'Ag', '206', 'akezor5p@indiegogo.com', 'Female', '9/13/1999', 2, '2020-03-31 05:16:24', '2020-03-31 05:16:48', 1),
(207, 'Annelise', '207', 'achaffen5q@drupal.org', 'Female', '12/28/1996', 1, '2020-03-31 05:16:24', '2020-03-31 05:16:48', 1),
(208, 'Norton', '208', 'nmarrows5r@walmart.com', 'Male', '8/5/1995', 2, '2020-03-31 05:16:24', '2020-03-31 05:16:48', 1),
(209, 'Giselbert', '209', 'gvanlint5s@bigcartel.com', 'Male', '4/13/1998', 1, '2020-03-31 05:16:24', '2020-03-31 05:16:48', 1),
(210, 'Emmalynn', '210', 'ehuddleston5t@opensource.org', 'Female', '11/14/1997', 1, '2020-03-31 05:16:24', '2020-03-31 05:16:48', 1),
(211, 'Cam', '211', 'csallings5u@devhub.com', 'Male', '7/17/1995', 1, '2020-03-31 05:16:24', '2020-03-31 05:16:48', 1),
(212, 'Pietra', '212', 'ppendell5v@buzzfeed.com', 'Female', '4/7/1996', 2, '2020-03-31 05:16:24', '2020-03-31 05:16:48', 1),
(213, 'Emelita', '213', 'estapels5w@geocities.com', 'Female', '8/23/1996', 1, '2020-03-31 05:16:24', '2020-03-31 05:16:48', 1),
(214, 'Sunshine', '214', 'sbarlie5x@lycos.com', 'Female', '5/18/1999', 1, '2020-03-31 05:16:24', '2020-03-31 05:16:48', 1),
(215, 'Brit', '215', 'bkener5y@wordpress.org', 'Female', '1/19/1999', 2, '2020-03-31 05:16:24', '2020-03-31 05:16:48', 1),
(216, 'Aloise', '216', 'apickworth5z@youtube.com', 'Female', '2/16/1998', 2, '2020-03-31 05:16:24', '2020-03-31 05:16:48', 1),
(217, 'Brocky', '217', 'btimbrell60@fema.gov', 'Male', '2/12/1996', 1, '2020-03-31 05:16:24', '2020-03-31 05:16:48', 1),
(218, 'Adriena', '218', 'akalisch61@usgs.gov', 'Female', '2/10/1996', 2, '2020-03-31 05:16:24', '2020-03-31 05:16:48', 1),
(219, 'Pepi', '219', 'pschlag62@fema.gov', 'Female', '1/2/2000', 1, '2020-03-31 05:16:24', '2020-03-31 05:16:48', 1),
(220, 'Lovell', '220', 'lpapps63@clickbank.net', 'Male', '8/5/1998', 2, '2020-03-31 05:16:24', '2020-03-31 05:16:48', 1),
(221, 'Tiffany', '221', 'tmunslow64@epa.gov', 'Female', '2/1/2000', 1, '2020-03-31 05:16:24', '2020-03-31 05:16:48', 1),
(222, 'Reinhold', '222', 'rlebell65@wisc.edu', 'Male', '1/19/2000', 2, '2020-03-31 05:16:24', '2020-03-31 05:16:48', 1),
(223, 'Adriano', '223', 'adunrige66@fastcompany.com', 'Male', '7/2/1997', 2, '2020-03-31 05:16:24', '2020-03-31 05:16:48', 1),
(224, 'Adham', '224', 'ahail67@sakura.ne.jp', 'Male', '10/14/1996', 1, '2020-03-31 05:16:24', '2020-03-31 05:16:48', 1),
(225, 'Nicky', '225', 'nhaysham68@g.co', 'Female', '7/20/1996', 2, '2020-03-31 05:16:24', '2020-03-31 05:16:48', 1),
(226, 'Brennan', '226', 'brosenblatt69@kickstarter.com', 'Male', '9/17/1995', 1, '2020-03-31 05:16:24', '2020-03-31 05:16:48', 1),
(227, 'Scottie', '227', 'sarchdeacon6a@bloglines.com', 'Male', '9/27/1998', 1, '2020-03-31 05:16:24', '2020-03-31 05:16:48', 1),
(228, 'Van', '228', 'vroumier6b@dropbox.com', 'Male', '4/23/1997', 2, '2020-03-31 05:16:24', '2020-03-31 05:16:48', 1),
(229, 'Britt', '229', 'bbaudichon6c@elpais.com', 'Female', '10/9/1999', 2, '2020-03-31 05:16:24', '2020-03-31 05:16:48', 1),
(230, 'Kendricks', '230', 'kricketts6d@godaddy.com', 'Male', '4/14/1996', 1, '2020-03-31 05:16:24', '2020-03-31 05:16:48', 1),
(231, 'Saunders', '231', 'sreville6e@dagondesign.com', 'Male', '1/10/2000', 2, '2020-03-31 05:16:24', '2020-03-31 05:16:48', 1),
(232, 'Jeanine', '232', 'jcashley6f@cbslocal.com', 'Female', '7/11/1996', 2, '2020-03-31 05:16:24', '2020-03-31 05:16:48', 1),
(233, 'Jazmin', '233', 'jkitcat6g@hibu.com', 'Female', '2/6/1996', 1, '2020-03-31 05:16:24', '2020-03-31 05:16:48', 1),
(234, 'Mella', '234', 'manespie6h@linkedin.com', 'Female', '6/2/1998', 2, '2020-03-31 05:16:24', '2020-03-31 05:16:48', 1),
(235, 'Cedric', '235', 'cgossart6i@chicagotribune.com', 'Male', '6/19/1995', 1, '2020-03-31 05:16:24', '2020-03-31 05:16:48', 1),
(236, 'Rip', '236', 'rhazard6j@blog.com', 'Male', '4/6/1999', 2, '2020-03-31 05:16:24', '2020-03-31 05:16:48', 1),
(237, 'Barbie', '237', 'bhanning6k@bigcartel.com', 'Female', '9/18/1996', 1, '2020-03-31 05:16:24', '2020-03-31 05:16:48', 1),
(238, 'Kristo', '238', 'kgerckens6l@tmall.com', 'Male', '5/26/1997', 2, '2020-03-31 05:16:24', '2020-03-31 05:16:48', 1),
(239, 'Angelia', '239', 'aheasley6m@homestead.com', 'Female', '6/8/1999', 2, '2020-03-31 05:16:24', '2020-03-31 05:16:48', 1),
(240, 'Everett', '240', 'esouthern6n@state.gov', 'Male', '10/25/1996', 1, '2020-03-31 05:16:24', '2020-03-31 05:16:48', 1),
(241, 'Wolf', '241', 'wdeamaya6o@people.com.cn', 'Male', '10/20/1995', 1, '2020-03-31 05:16:24', '2020-03-31 05:16:48', 1),
(242, 'Aron', '242', 'atorra6p@amazon.co.uk', 'Male', '4/19/1999', 1, '2020-03-31 05:16:24', '2020-03-31 05:16:48', 1),
(243, 'Eleonora', '243', 'egare6q@ucla.edu', 'Female', '9/25/1999', 2, '2020-03-31 05:16:24', '2020-03-31 05:16:48', 1),
(244, 'Clari', '244', 'cchristall6r@webmd.com', 'Female', '1/14/1997', 2, '2020-03-31 05:16:24', '2020-03-31 05:16:48', 1),
(245, 'Edwina', '245', 'ecapsey6s@reuters.com', 'Female', '5/13/1997', 2, '2020-03-31 05:16:24', '2020-03-31 05:16:48', 1),
(246, 'Linet', '246', 'lmcmenemy6t@bravesites.com', 'Female', '6/6/1998', 2, '2020-03-31 05:16:24', '2020-03-31 05:16:48', 1),
(247, 'Rand', '247', 'rkoles6u@chron.com', 'Male', '10/23/1995', 2, '2020-03-31 05:16:24', '2020-03-31 05:16:48', 1),
(248, 'Reube', '248', 'rvallis6v@nba.com', 'Male', '8/21/1995', 2, '2020-03-31 05:16:24', '2020-03-31 05:16:48', 1),
(249, 'Hillie', '249', 'hemm6w@scribd.com', 'Male', '3/3/2000', 2, '2020-03-31 05:16:24', '2020-03-31 05:16:48', 1),
(250, 'Peria', '250', 'pastlet6x@google.ru', 'Female', '5/5/1998', 1, '2020-03-31 05:16:24', '2020-03-31 05:16:48', 1),
(251, 'Terrill', '251', 'tminchindon6y@diigo.com', 'Male', '2/16/1999', 1, '2020-03-31 05:16:24', '2020-03-31 05:16:48', 1),
(252, 'Tommy', '252', 'tclaughton6z@biblegateway.com', 'Male', '10/10/1995', 2, '2020-03-31 05:16:24', '2020-03-31 05:16:48', 1),
(253, 'Nettie', '253', 'npaynes70@goo.gl', 'Female', '3/1/1999', 2, '2020-03-31 05:16:24', '2020-03-31 05:16:48', 1),
(254, 'Sadella', '254', 'smennear71@dailymotion.com', 'Female', '9/1/1997', 1, '2020-03-31 05:16:24', '2020-03-31 05:16:48', 1),
(255, 'Malory', '255', 'mtortoishell72@dagondesign.com', 'Female', '5/10/1998', 2, '2020-03-31 05:16:24', '2020-03-31 05:16:48', 1),
(256, 'Wilton', '256', 'wseif73@addthis.com', 'Male', '12/28/1998', 1, '2020-03-31 05:16:24', '2020-03-31 05:16:48', 1),
(257, 'Jaclin', '257', 'jswyersexey74@dropbox.com', 'Female', '3/13/1999', 1, '2020-03-31 05:16:24', '2020-03-31 05:16:48', 1),
(258, 'Gerrie', '258', 'giacovolo75@ocn.ne.jp', 'Male', '10/5/1995', 1, '2020-03-31 05:16:24', '2020-03-31 05:16:48', 1),
(259, 'Livvy', '259', 'lcarren76@jugem.jp', 'Female', '10/8/1998', 2, '2020-03-31 05:16:24', '2020-03-31 05:16:48', 1),
(260, 'Aurelia', '260', 'asangster77@topsy.com', 'Female', '9/3/1997', 1, '2020-03-31 05:16:24', '2020-03-31 05:16:48', 1),
(261, 'Dorita', '261', 'dtustin78@gov.uk', 'Female', '3/19/1997', 1, '2020-03-31 05:16:24', '2020-03-31 05:16:48', 1),
(262, 'Kary', '262', 'kstackbridge79@cloudflare.com', 'Female', '1/14/2000', 1, '2020-03-31 05:16:24', '2020-03-31 05:16:48', 1),
(263, 'Dall', '263', 'dbrill7a@joomla.org', 'Male', '7/12/1998', 2, '2020-03-31 05:16:24', '2020-03-31 05:16:48', 1),
(264, 'Bale', '264', 'brudloff7b@ed.gov', 'Male', '2/7/1999', 2, '2020-03-31 05:16:24', '2020-03-31 05:16:48', 1),
(265, 'Korney', '265', 'kcockings7c@msu.edu', 'Female', '5/18/1996', 2, '2020-03-31 05:16:24', '2020-03-31 05:16:48', 1),
(266, 'Raymond', '266', 'rgarrattley7d@boston.com', 'Male', '3/10/1998', 1, '2020-03-31 05:16:24', '2020-03-31 05:16:48', 1),
(267, 'Chester', '267', 'ckopisch7e@patch.com', 'Male', '6/9/1998', 2, '2020-03-31 05:16:24', '2020-03-31 05:16:48', 1),
(268, 'Shelden', '268', 'stregien7f@unesco.org', 'Male', '5/13/1995', 2, '2020-03-31 05:16:24', '2020-03-31 05:16:48', 1),
(269, 'Blake', '269', 'bhindhaugh7g@rediff.com', 'Male', '2/21/2000', 2, '2020-03-31 05:16:24', '2020-03-31 05:16:48', 1),
(270, 'Ashton', '270', 'apurry7h@canalblog.com', 'Male', '3/8/1996', 1, '2020-03-31 05:16:24', '2020-03-31 05:16:48', 1),
(271, 'Lemmie', '271', 'lmableson7i@howstuffworks.com', 'Male', '3/27/1997', 1, '2020-03-31 05:16:24', '2020-03-31 05:16:48', 1),
(272, 'Guillermo', '272', 'gbraban7j@globo.com', 'Male', '12/13/1998', 2, '2020-03-31 05:16:24', '2020-03-31 05:16:48', 1),
(273, 'Kimbell', '273', 'kmackartan7k@com.com', 'Male', '5/31/1997', 1, '2020-03-31 05:16:24', '2020-03-31 05:16:48', 1),
(274, 'Bree', '274', 'bbellie7l@gov.uk', 'Female', '12/3/1999', 2, '2020-03-31 05:16:24', '2020-03-31 05:16:48', 1),
(275, 'Skell', '275', 'sderricoat7m@ning.com', 'Male', '11/9/1997', 1, '2020-03-31 05:16:24', '2020-03-31 05:16:48', 1),
(276, 'Margalo', '276', 'mrapkins7n@utexas.edu', 'Female', '9/9/1996', 1, '2020-03-31 05:16:24', '2020-03-31 05:16:48', 1),
(277, 'Fletcher', '277', 'fendrighi7o@merriam-webster.com', 'Male', '4/13/1995', 2, '2020-03-31 05:16:24', '2020-03-31 05:16:48', 1),
(278, 'Lydon', '278', 'lstiant7p@biblegateway.com', 'Male', '8/20/1995', 1, '2020-03-31 05:16:24', '2020-03-31 05:16:48', 1),
(279, 'Bo', '279', 'beustis7q@blogger.com', 'Male', '7/12/1997', 2, '2020-03-31 05:16:24', '2020-03-31 05:16:48', 1),
(280, 'Ase', '280', 'atoolan7r@sphinn.com', 'Male', '6/3/1995', 1, '2020-03-31 05:16:24', '2020-03-31 05:16:48', 1),
(281, 'Nerti', '281', 'nbau7s@twitter.com', 'Female', '10/2/1997', 1, '2020-03-31 05:16:24', '2020-03-31 05:16:48', 1),
(282, 'Lonna', '282', 'lguys7t@senate.gov', 'Female', '1/28/2000', 1, '2020-03-31 05:16:24', '2020-03-31 05:16:48', 1),
(283, 'Jarret', '283', 'jberridge7u@vistaprint.com', 'Male', '7/14/1998', 1, '2020-03-31 05:16:24', '2020-03-31 05:16:48', 1),
(284, 'Antone', '284', 'ahebron7v@answers.com', 'Male', '10/9/1995', 2, '2020-03-31 05:16:24', '2020-03-31 05:16:48', 1),
(285, 'Barb', '285', 'bjimes7w@freewebs.com', 'Female', '6/6/1995', 1, '2020-03-31 05:16:24', '2020-03-31 05:16:48', 1),
(286, 'Edan', '286', 'ewoolmer7x@merriam-webster.com', 'Male', '8/12/1997', 1, '2020-03-31 05:16:24', '2020-03-31 05:16:48', 1),
(287, 'Grayce', '287', 'gdadson7y@pen.io', 'Female', '6/18/1996', 2, '2020-03-31 05:16:24', '2020-03-31 05:16:48', 1),
(288, 'Chiarra', '288', 'ccassells7z@fema.gov', 'Female', '6/8/1998', 2, '2020-03-31 05:16:24', '2020-03-31 05:16:48', 1),
(289, 'Archibaldo', '289', 'amaccracken80@flavors.me', 'Male', '12/22/1995', 1, '2020-03-31 05:16:24', '2020-03-31 05:16:48', 1),
(290, 'Rena', '290', 'ryeiles81@blogtalkradio.com', 'Female', '5/18/1997', 2, '2020-03-31 05:16:24', '2020-03-31 05:16:48', 1),
(291, 'Jarvis', '291', 'jrainsden82@eventbrite.com', 'Male', '1/13/2000', 2, '2020-03-31 05:16:24', '2020-03-31 05:16:48', 1),
(292, 'Alia', '292', 'ahoulison83@theglobeandmail.com', 'Female', '3/8/2000', 1, '2020-03-31 05:16:24', '2020-03-31 05:16:48', 1),
(293, 'Sandra', '293', 'smanhood84@tamu.edu', 'Female', '3/21/1997', 2, '2020-03-31 05:16:24', '2020-03-31 05:16:48', 1),
(294, 'Cally', '294', 'cbellamy85@meetup.com', 'Female', '1/24/1997', 2, '2020-03-31 05:16:24', '2020-03-31 05:16:48', 1),
(295, 'Ervin', '295', 'emanby86@tripod.com', 'Male', '5/19/1997', 2, '2020-03-31 05:16:24', '2020-03-31 05:16:48', 1),
(296, 'Gay', '296', 'gsearson87@blogs.com', 'Male', '7/31/1996', 2, '2020-03-31 05:16:24', '2020-03-31 05:16:48', 1),
(297, 'Stefano', '297', 'sgorini88@ustream.tv', 'Male', '2/12/1998', 2, '2020-03-31 05:16:24', '2020-03-31 05:16:48', 1),
(298, 'Lon', '298', 'lcooley89@barnesandnoble.com', 'Male', '2/1/1998', 2, '2020-03-31 05:16:24', '2020-03-31 05:16:48', 1),
(299, 'Fionnula', '299', 'fwoodwing8a@phpbb.com', 'Female', '10/7/1997', 2, '2020-03-31 05:16:24', '2020-03-31 05:16:48', 1),
(300, 'Meagan', '300', 'mkettlestringes8b@auda.org.au', 'Female', '1/5/1999', 2, '2020-03-31 05:16:24', '2020-03-31 05:16:48', 1),
(301, 'Pauly', '301', 'pbaff8c@free.fr', 'Female', '7/19/1998', 2, '2020-03-31 05:16:24', '2020-03-31 05:16:48', 1),
(302, 'Alejoa', '302', 'abazeley8d@google.co.jp', 'Male', '6/12/1996', 1, '2020-03-31 05:16:24', '2020-03-31 05:16:48', 1),
(303, 'Zachariah', '303', 'zoxbe8e@pbs.org', 'Male', '6/23/1998', 1, '2020-03-31 05:16:24', '2020-03-31 05:16:48', 1),
(304, 'Raye', '304', 'rcoatsworth8f@imgur.com', 'Female', '2/9/1999', 1, '2020-03-31 05:16:24', '2020-03-31 05:16:48', 1),
(305, 'Giffard', '305', 'gdegregoli8g@wordpress.org', 'Male', '11/15/1999', 1, '2020-03-31 05:16:24', '2020-03-31 05:16:48', 1),
(306, 'Norene', '306', 'nvalett8h@umn.edu', 'Female', '8/21/1998', 2, '2020-03-31 05:16:24', '2020-03-31 05:16:48', 1),
(307, 'Lynnell', '307', 'lshipcott8i@exblog.jp', 'Female', '3/11/1998', 1, '2020-03-31 05:16:24', '2020-03-31 05:16:48', 1),
(308, 'Edgar', '308', 'emorl8j@europa.eu', 'Male', '3/17/1996', 2, '2020-03-31 05:16:24', '2020-03-31 05:16:48', 1),
(309, 'Eldredge', '309', 'eigonet8k@youtu.be', 'Male', '2/5/1998', 1, '2020-03-31 05:16:24', '2020-03-31 05:16:48', 1),
(310, 'Flor', '310', 'fsyversen8l@php.net', 'Female', '6/17/1998', 2, '2020-03-31 05:16:24', '2020-03-31 05:16:48', 1),
(311, 'Rickie', '311', 'rhannond8m@thetimes.co.uk', 'Female', '7/18/1997', 2, '2020-03-31 05:16:24', '2020-03-31 05:16:48', 1),
(312, 'Norman', '312', 'nhouse8n@t-online.de', 'Male', '7/5/1997', 2, '2020-03-31 05:16:24', '2020-03-31 05:16:48', 1),
(313, 'Barton', '313', 'bcarlon8o@latimes.com', 'Male', '9/17/1997', 2, '2020-03-31 05:16:24', '2020-03-31 05:16:48', 1),
(314, 'Otha', '314', 'olook8p@ucsd.edu', 'Female', '8/2/1995', 1, '2020-03-31 05:16:24', '2020-03-31 05:16:48', 1),
(315, 'Martin', '315', 'mbrine8q@angelfire.com', 'Male', '6/11/1996', 1, '2020-03-31 05:16:24', '2020-03-31 05:16:48', 1),
(316, 'Eimile', '316', 'eseyfart8r@aboutads.info', 'Female', '9/19/1998', 2, '2020-03-31 05:16:24', '2020-03-31 05:16:48', 1),
(317, 'Raviv', '317', 'rattride8s@fema.gov', 'Male', '3/24/1997', 2, '2020-03-31 05:16:24', '2020-03-31 05:16:48', 1),
(318, 'Gaspard', '318', 'gorys8t@google.de', 'Male', '10/19/1996', 1, '2020-03-31 05:16:24', '2020-03-31 05:16:48', 1),
(319, 'Maitilde', '319', 'mhaugg8u@prnewswire.com', 'Female', '3/22/2000', 1, '2020-03-31 05:16:24', '2020-03-31 05:16:48', 1),
(320, 'Rosita', '320', 'rblest8v@cafepress.com', 'Female', '2/7/1998', 2, '2020-03-31 05:16:24', '2020-03-31 05:16:48', 1),
(321, 'Marice', '321', 'mbaptie8w@geocities.com', 'Female', '1/9/1996', 1, '2020-03-31 05:16:24', '2020-03-31 05:16:48', 1),
(322, 'Fannie', '322', 'fwellwood8x@google.com.br', 'Female', '10/14/1998', 2, '2020-03-31 05:16:24', '2020-03-31 05:16:48', 1),
(323, 'Randall', '323', 'rknatt8y@w3.org', 'Male', '11/7/1996', 2, '2020-03-31 05:16:24', '2020-03-31 05:16:48', 1),
(324, 'Marthe', '324', 'mwardingly8z@sitemeter.com', 'Female', '5/3/1999', 2, '2020-03-31 05:16:24', '2020-03-31 05:16:48', 1),
(325, 'Becka', '325', 'brustich90@cargocollective.com', 'Female', '2/13/2000', 1, '2020-03-31 05:16:24', '2020-03-31 05:16:48', 1),
(326, 'Elly', '326', 'evinall91@msu.edu', 'Female', '6/1/1995', 1, '2020-03-31 05:16:24', '2020-03-31 05:16:48', 1),
(327, 'Horton', '327', 'hbottoner92@people.com.cn', 'Male', '11/3/1995', 1, '2020-03-31 05:16:24', '2020-03-31 05:16:48', 1),
(328, 'Kale', '328', 'kblayney93@mapy.cz', 'Male', '4/14/1995', 2, '2020-03-31 05:16:24', '2020-03-31 05:16:48', 1),
(329, 'Alford', '329', 'awebling94@google.com.br', 'Male', '6/14/1999', 1, '2020-03-31 05:16:24', '2020-03-31 05:16:48', 1),
(330, 'Lucia', '330', 'lflawn95@hugedomains.com', 'Female', '8/18/1998', 2, '2020-03-31 05:16:24', '2020-03-31 05:16:48', 1),
(331, 'Kristel', '331', 'kcogin96@shutterfly.com', 'Female', '5/2/1998', 2, '2020-03-31 05:16:24', '2020-03-31 05:16:48', 1),
(332, 'Donielle', '332', 'djakes97@springer.com', 'Female', '9/19/1999', 1, '2020-03-31 05:16:24', '2020-03-31 05:16:48', 1),
(333, 'Alene', '333', 'aporte98@chron.com', 'Female', '7/27/1996', 1, '2020-03-31 05:16:24', '2020-03-31 05:16:48', 1),
(334, 'Deloris', '334', 'dheliet99@dailymail.co.uk', 'Female', '6/5/1999', 1, '2020-03-31 05:16:24', '2020-03-31 05:16:48', 1),
(335, 'Jarrid', '335', 'jbarrett9a@cafepress.com', 'Male', '11/23/1996', 1, '2020-03-31 05:16:24', '2020-03-31 05:16:48', 1),
(336, 'Dick', '336', 'dseson9b@tamu.edu', 'Male', '4/14/1999', 2, '2020-03-31 05:16:24', '2020-03-31 05:16:48', 1),
(337, 'Hughie', '337', 'hherculson9c@artisteer.com', 'Male', '1/11/2000', 2, '2020-03-31 05:16:24', '2020-03-31 05:16:48', 1),
(338, 'Karel', '338', 'kmarrison9d@pbs.org', 'Male', '11/12/1999', 1, '2020-03-31 05:16:24', '2020-03-31 05:16:48', 1),
(339, 'Brooks', '339', 'bbridgstock9e@reverbnation.com', 'Male', '1/23/1999', 1, '2020-03-31 05:16:24', '2020-03-31 05:16:48', 1),
(340, 'Eleonore', '340', 'eblethin9f@shareasale.com', 'Female', '10/1/1996', 2, '2020-03-31 05:16:24', '2020-03-31 05:16:48', 1),
(341, 'Flin', '341', 'fadair9g@deliciousdays.com', 'Male', '8/19/1998', 1, '2020-03-31 05:16:24', '2020-03-31 05:16:48', 1),
(342, 'Miner', '342', 'mmclafferty9h@alexa.com', 'Male', '6/24/1996', 2, '2020-03-31 05:16:24', '2020-03-31 05:16:48', 1),
(343, 'Wilfrid', '343', 'wclemenceau9i@homestead.com', 'Male', '5/24/1997', 2, '2020-03-31 05:16:24', '2020-03-31 05:16:48', 1),
(344, 'Niall', '344', 'npearcehouse9j@rediff.com', 'Male', '2/22/1997', 2, '2020-03-31 05:16:24', '2020-03-31 05:16:48', 1),
(345, 'Marti', '345', 'mmifflin9k@gmpg.org', 'Female', '2/20/1997', 1, '2020-03-31 05:16:24', '2020-03-31 05:16:48', 1),
(346, 'Glenna', '346', 'ggonthard9l@cbc.ca', 'Female', '2/9/1998', 1, '2020-03-31 05:16:24', '2020-03-31 05:16:48', 1),
(347, 'Nathalie', '347', 'nsevitt9m@bbc.co.uk', 'Female', '6/5/1996', 2, '2020-03-31 05:16:24', '2020-03-31 05:16:48', 1),
(348, 'Howey', '348', 'htowersey9n@cisco.com', 'Male', '8/28/1995', 2, '2020-03-31 05:16:24', '2020-03-31 05:16:48', 1),
(349, 'Arron', '349', 'ajobbings9o@ox.ac.uk', 'Male', '2/17/1998', 1, '2020-03-31 05:16:24', '2020-03-31 05:16:48', 1),
(350, 'Had', '350', 'hrenowden9p@ocn.ne.jp', 'Male', '10/29/1998', 2, '2020-03-31 05:16:24', '2020-03-31 05:16:48', 1),
(351, 'Benji', '351', 'bcaldecutt9q@aboutads.info', 'Male', '6/10/1996', 2, '2020-03-31 05:16:24', '2020-03-31 05:16:48', 1),
(352, 'Collen', '352', 'cdellatorre9r@bigcartel.com', 'Female', '7/26/1999', 2, '2020-03-31 05:16:24', '2020-03-31 05:16:48', 1),
(353, 'Jethro', '353', 'jpepineaux9s@privacy.gov.au', 'Male', '7/17/1995', 2, '2020-03-31 05:16:24', '2020-03-31 05:16:48', 1),
(354, 'Nathan', '354', 'nlokier9t@ow.ly', 'Male', '1/5/1998', 1, '2020-03-31 05:16:24', '2020-03-31 05:16:48', 1),
(355, 'Bab', '355', 'bdoughtery9u@gov.uk', 'Female', '11/23/1997', 1, '2020-03-31 05:16:24', '2020-03-31 05:16:48', 1),
(356, 'Zaria', '356', 'zhucquart9v@hc360.com', 'Female', '1/18/1999', 2, '2020-03-31 05:16:24', '2020-03-31 05:16:48', 1),
(357, 'Kinsley', '357', 'kpeacop9w@typepad.com', 'Male', '9/5/1996', 1, '2020-03-31 05:16:24', '2020-03-31 05:16:48', 1),
(358, 'Cornall', '358', 'clanglois9x@wiley.com', 'Male', '3/13/1997', 2, '2020-03-31 05:16:24', '2020-03-31 05:16:48', 1),
(359, 'Hayes', '359', 'hpohlak9y@booking.com', 'Male', '12/25/1999', 1, '2020-03-31 05:16:24', '2020-03-31 05:16:48', 1),
(360, 'Archy', '360', 'adake9z@tiny.cc', 'Male', '10/16/1999', 1, '2020-03-31 05:16:24', '2020-03-31 05:16:48', 1),
(361, 'Kathy', '361', 'kboca0@chron.com', 'Female', '12/26/1995', 1, '2020-03-31 05:16:24', '2020-03-31 05:16:48', 1),
(362, 'Thane', '362', 'traouxa1@state.gov', 'Male', '1/31/1998', 2, '2020-03-31 05:16:24', '2020-03-31 05:16:48', 1),
(363, 'Bowie', '363', 'bobraddena2@cisco.com', 'Male', '9/17/1999', 1, '2020-03-31 05:16:24', '2020-03-31 05:16:48', 1),
(364, 'Myrah', '364', 'mguinnessa3@aol.com', 'Female', '9/22/1997', 1, '2020-03-31 05:16:24', '2020-03-31 05:16:48', 1),
(365, 'Alyssa', '365', 'asimcoea4@last.fm', 'Female', '11/5/1995', 1, '2020-03-31 05:16:24', '2020-03-31 05:16:48', 1),
(366, 'Sue', '366', 'strenchera5@xing.com', 'Female', '10/4/1996', 2, '2020-03-31 05:16:24', '2020-03-31 05:16:48', 1),
(367, 'Jerrie', '367', 'jcootesa6@symantec.com', 'Female', '7/8/1997', 2, '2020-03-31 05:16:24', '2020-03-31 05:16:48', 1),
(368, 'Carleen', '368', 'ckynocha7@disqus.com', 'Female', '2/20/1999', 2, '2020-03-31 05:16:24', '2020-03-31 05:16:48', 1),
(369, 'Dex', '369', 'dsimenela8@bravesites.com', 'Male', '2/3/1998', 1, '2020-03-31 05:16:24', '2020-03-31 05:16:48', 1),
(370, 'Alfredo', '370', 'agreya9@nba.com', 'Male', '11/7/1997', 2, '2020-03-31 05:16:24', '2020-03-31 05:16:48', 1),
(371, 'Dell', '371', 'dabrahamowitczaa@upenn.edu', 'Male', '3/5/1997', 2, '2020-03-31 05:16:24', '2020-03-31 05:16:48', 1),
(372, 'Noble', '372', 'nallikerab@vimeo.com', 'Male', '2/8/1996', 2, '2020-03-31 05:16:24', '2020-03-31 05:16:48', 1),
(373, 'Nickie', '373', 'nalabasterac@about.com', 'Female', '8/10/1996', 2, '2020-03-31 05:16:24', '2020-03-31 05:16:48', 1),
(374, 'Abba', '374', 'alowthad@yandex.ru', 'Male', '1/16/1997', 1, '2020-03-31 05:16:24', '2020-03-31 05:16:48', 1),
(375, 'Rianon', '375', 'rlehmannae@angelfire.com', 'Female', '11/8/1996', 1, '2020-03-31 05:16:24', '2020-03-31 05:16:48', 1),
(376, 'Manfred', '376', 'mhofaf@pen.io', 'Male', '12/23/1999', 1, '2020-03-31 05:16:24', '2020-03-31 05:16:48', 1),
(377, 'Gerrard', '377', 'gpimblottag@europa.eu', 'Male', '12/5/1995', 1, '2020-03-31 05:16:24', '2020-03-31 05:16:48', 1),
(378, 'Morse', '378', 'myurukhinah@wordpress.com', 'Male', '1/21/1999', 1, '2020-03-31 05:16:24', '2020-03-31 05:16:48', 1),
(379, 'Brigida', '379', 'bgoutai@surveymonkey.com', 'Female', '7/20/1999', 1, '2020-03-31 05:16:24', '2020-03-31 05:16:48', 1),
(380, 'Traci', '380', 'tmiliffeaj@europa.eu', 'Female', '3/13/1999', 2, '2020-03-31 05:16:24', '2020-03-31 05:16:48', 1),
(381, 'Alanna', '381', 'ahatherleighak@digg.com', 'Female', '12/15/1999', 2, '2020-03-31 05:16:24', '2020-03-31 05:16:48', 1),
(382, 'Nev', '382', 'nlanahanal@ihg.com', 'Male', '12/26/1997', 1, '2020-03-31 05:16:24', '2020-03-31 05:16:48', 1),
(383, 'Jennee', '383', 'jtocheram@nymag.com', 'Female', '11/12/1997', 1, '2020-03-31 05:16:24', '2020-03-31 05:16:48', 1),
(384, 'Rania', '384', 'raskinan@shinystat.com', 'Female', '1/23/1997', 1, '2020-03-31 05:16:24', '2020-03-31 05:16:48', 1),
(385, 'Prinz', '385', 'ptripneyao@xinhuanet.com', 'Male', '1/5/1997', 1, '2020-03-31 05:16:24', '2020-03-31 05:16:48', 1),
(386, 'Mora', '386', 'mcruxtonap@chronoengine.com', 'Female', '4/26/1995', 2, '2020-03-31 05:16:24', '2020-03-31 05:16:48', 1),
(387, 'Cristionna', '387', 'cpomeryaq@nsw.gov.au', 'Female', '12/6/1997', 1, '2020-03-31 05:16:24', '2020-03-31 05:16:48', 1),
(388, 'Nollie', '388', 'ngilfetherar@senate.gov', 'Female', '10/28/1998', 1, '2020-03-31 05:16:24', '2020-03-31 05:16:48', 1),
(389, 'Trev', '389', 'tpayleras@accuweather.com', 'Male', '12/4/1995', 2, '2020-03-31 05:16:24', '2020-03-31 05:16:48', 1),
(390, 'Edouard', '390', 'egowardat@dion.ne.jp', 'Male', '6/15/1995', 2, '2020-03-31 05:16:24', '2020-03-31 05:16:48', 1),
(391, 'Audrey', '391', 'areddishau@washington.edu', 'Female', '3/1/1996', 2, '2020-03-31 05:16:24', '2020-03-31 05:16:48', 1),
(392, 'Dory', '392', 'dadamssonav@google.pl', 'Female', '9/4/1998', 1, '2020-03-31 05:16:24', '2020-03-31 05:16:48', 1),
(393, 'Perceval', '393', 'pisakovaw@epa.gov', 'Male', '8/21/1999', 2, '2020-03-31 05:16:24', '2020-03-31 05:16:48', 1),
(394, 'Jerri', '394', 'jargerax@abc.net.au', 'Male', '6/22/1995', 2, '2020-03-31 05:16:24', '2020-03-31 05:16:48', 1),
(395, 'Zachary', '395', 'zgatlanday@examiner.com', 'Male', '11/2/1995', 1, '2020-03-31 05:16:24', '2020-03-31 05:16:48', 1),
(396, 'Edi', '396', 'eavonaz@vk.com', 'Female', '5/19/1996', 1, '2020-03-31 05:16:24', '2020-03-31 05:16:48', 1),
(397, 'Levy', '397', 'lmcilvaneyb0@istockphoto.com', 'Male', '12/16/1995', 1, '2020-03-31 05:16:24', '2020-03-31 05:16:48', 1),
(398, 'Bernette', '398', 'bwoehlerb1@ning.com', 'Female', '11/27/1997', 2, '2020-03-31 05:16:24', '2020-03-31 05:16:48', 1),
(399, 'Giff', '399', 'gfallab2@furl.net', 'Male', '6/29/1995', 2, '2020-03-31 05:16:24', '2020-03-31 05:16:48', 1),
(400, 'Demetris', '400', 'djaanb3@icio.us', 'Male', '10/3/1998', 2, '2020-03-31 05:16:24', '2020-03-31 05:16:48', 1),
(401, 'Cary', '401', 'cmountainb4@posterous.com', 'Female', '9/8/1998', 2, '2020-03-31 05:16:24', '2020-03-31 05:16:48', 1),
(402, 'Debera', '402', 'dbernasekb5@wiley.com', 'Female', '5/28/1998', 1, '2020-03-31 05:16:24', '2020-03-31 05:16:48', 1),
(403, 'Marleen', '403', 'mkibbelb6@multiply.com', 'Female', '8/22/1995', 2, '2020-03-31 05:16:24', '2020-03-31 05:16:48', 1),
(404, 'Mikael', '404', 'mtakleb7@bravesites.com', 'Male', '5/1/1996', 2, '2020-03-31 05:16:24', '2020-03-31 05:16:48', 1),
(405, 'Lydon', '405', 'ljohnstonb8@abc.net.au', 'Male', '4/12/1998', 2, '2020-03-31 05:16:24', '2020-03-31 05:16:48', 1),
(406, 'Codie', '406', 'chuchotb9@cmu.edu', 'Male', '2/18/1998', 1, '2020-03-31 05:16:24', '2020-03-31 05:16:48', 1),
(407, 'Sibby', '407', 'spetelba@irs.gov', 'Female', '7/3/1996', 2, '2020-03-31 05:16:24', '2020-03-31 05:16:48', 1),
(408, 'Hermione', '408', 'hlarchierbb@stanford.edu', 'Female', '6/25/1996', 2, '2020-03-31 05:16:24', '2020-03-31 05:16:48', 1),
(409, 'Norean', '409', 'nmarvalbc@cbslocal.com', 'Female', '5/11/1997', 2, '2020-03-31 05:16:24', '2020-03-31 05:16:48', 1),
(410, 'Laverna', '410', 'lawcoatebd@reverbnation.com', 'Female', '3/12/1996', 2, '2020-03-31 05:16:24', '2020-03-31 05:16:48', 1),
(411, 'Nealy', '411', 'nhovingtonbe@usnews.com', 'Male', '2/1/1996', 2, '2020-03-31 05:16:24', '2020-03-31 05:16:48', 1),
(412, 'Margy', '412', 'mscrancherbf@twitpic.com', 'Female', '4/18/1996', 1, '2020-03-31 05:16:24', '2020-03-31 05:16:48', 1);
INSERT INTO `tblstudents` (`StudentId`, `StudentName`, `RollId`, `StudentEmail`, `Gender`, `DOB`, `ClassId`, `RegDate`, `UpdationDate`, `Status`) VALUES
(413, 'Casandra', '413', 'ckermitbg@yahoo.co.jp', 'Female', '4/28/1997', 2, '2020-03-31 05:16:24', '2020-03-31 05:16:48', 1),
(414, 'Roby', '414', 'rforresterbh@techcrunch.com', 'Female', '9/20/1997', 2, '2020-03-31 05:16:24', '2020-03-31 05:16:48', 1),
(415, 'Vallie', '415', 'vglanceybi@dmoz.org', 'Female', '2/21/1999', 1, '2020-03-31 05:16:24', '2020-03-31 05:16:48', 1),
(416, 'Kass', '416', 'klarrawaybj@usatoday.com', 'Female', '2/7/1996', 2, '2020-03-31 05:16:24', '2020-03-31 05:16:48', 1),
(417, 'Aaren', '417', 'afriedmanbk@sourceforge.net', 'Female', '7/11/1999', 2, '2020-03-31 05:16:24', '2020-03-31 05:16:48', 1),
(418, 'Karlee', '418', 'kpechanbl@google.com.au', 'Female', '4/23/1999', 1, '2020-03-31 05:16:24', '2020-03-31 05:16:48', 1),
(419, 'Nanice', '419', 'nflockhartbm@nasa.gov', 'Female', '4/29/1998', 2, '2020-03-31 05:16:24', '2020-03-31 05:16:48', 1),
(420, 'Shari', '420', 'sbravenbn@technorati.com', 'Female', '1/20/1996', 1, '2020-03-31 05:16:24', '2020-03-31 05:16:48', 1),
(421, 'Herrick', '421', 'hmoroneybo@odnoklassniki.ru', 'Male', '12/9/1996', 2, '2020-03-31 05:16:24', '2020-03-31 05:16:48', 1),
(422, 'Dina', '422', 'dformanbp@stanford.edu', 'Female', '9/15/1997', 2, '2020-03-31 05:16:24', '2020-03-31 05:16:48', 1),
(423, 'Gray', '423', 'gargabritebq@cornell.edu', 'Male', '7/5/1999', 1, '2020-03-31 05:16:24', '2020-03-31 05:16:48', 1),
(424, 'Philip', '424', 'pcastagnetobr@ustream.tv', 'Male', '4/16/1996', 2, '2020-03-31 05:16:24', '2020-03-31 05:16:48', 1),
(425, 'Corabella', '425', 'cdunridgebs@creativecommons.org', 'Female', '6/11/1995', 1, '2020-03-31 05:16:24', '2020-03-31 05:16:48', 1),
(426, 'Eve', '426', 'esiberybt@ucsd.edu', 'Female', '8/4/1997', 2, '2020-03-31 05:16:24', '2020-03-31 05:16:48', 1),
(427, 'Chuck', '427', 'csimysonbu@barnesandnoble.com', 'Male', '7/15/1997', 2, '2020-03-31 05:16:24', '2020-03-31 05:16:48', 1),
(428, 'Bibi', '428', 'bloundsbv@nymag.com', 'Female', '8/15/1999', 1, '2020-03-31 05:16:24', '2020-03-31 05:16:48', 1),
(429, 'Jannel', '429', 'jtomczakbw@berkeley.edu', 'Female', '1/29/1999', 2, '2020-03-31 05:16:24', '2020-03-31 05:16:48', 1),
(430, 'Lotte', '430', 'llabronebx@independent.co.uk', 'Female', '10/3/1995', 2, '2020-03-31 05:16:24', '2020-03-31 05:16:48', 1),
(431, 'Brendis', '431', 'bsegebrechtby@dedecms.com', 'Male', '9/27/1998', 1, '2020-03-31 05:16:24', '2020-03-31 05:16:48', 1),
(432, 'Jakie', '432', 'jbanghebz@booking.com', 'Male', '5/25/1998', 2, '2020-03-31 05:16:24', '2020-03-31 05:16:48', 1),
(433, 'Markus', '433', 'mreedyhoughc0@skyrock.com', 'Male', '12/26/1997', 2, '2020-03-31 05:16:24', '2020-03-31 05:16:48', 1),
(434, 'Roxane', '434', 'rdransfieldc1@umich.edu', 'Female', '7/6/1999', 1, '2020-03-31 05:16:24', '2020-03-31 05:16:48', 1),
(435, 'Skipton', '435', 'snicec2@slashdot.org', 'Male', '5/18/1996', 1, '2020-03-31 05:16:24', '2020-03-31 05:16:48', 1),
(436, 'Ellie', '436', 'evellenderc3@elpais.com', 'Female', '12/29/1996', 1, '2020-03-31 05:16:24', '2020-03-31 05:16:48', 1),
(437, 'Gus', '437', 'gdannc4@mit.edu', 'Male', '7/9/1998', 2, '2020-03-31 05:16:24', '2020-03-31 05:16:48', 1),
(438, 'Flory', '438', 'fjanksc5@wsj.com', 'Male', '9/4/1999', 2, '2020-03-31 05:16:24', '2020-03-31 05:16:48', 1),
(439, 'Delano', '439', 'dhaccletonc6@soundcloud.com', 'Male', '6/4/1998', 1, '2020-03-31 05:16:24', '2020-03-31 05:16:48', 1),
(440, 'Rolland', '440', 'rchislettc7@mashable.com', 'Male', '9/10/1995', 1, '2020-03-31 05:16:24', '2020-03-31 05:16:48', 1),
(441, 'Gayler', '441', 'gmacarthurc8@wordpress.org', 'Male', '4/10/1998', 1, '2020-03-31 05:16:24', '2020-03-31 05:16:48', 1),
(442, 'Stephie', '442', 'sfeechanc9@earthlink.net', 'Female', '9/2/1996', 1, '2020-03-31 05:16:24', '2020-03-31 05:16:48', 1),
(443, 'Lianne', '443', 'lyeskovca@go.com', 'Female', '7/11/1999', 1, '2020-03-31 05:16:24', '2020-03-31 05:16:48', 1),
(444, 'Brok', '444', 'bcamillocb@addthis.com', 'Male', '1/6/1997', 2, '2020-03-31 05:16:24', '2020-03-31 05:16:48', 1),
(445, 'Clareta', '445', 'csantostefanocc@altervista.org', 'Female', '4/13/1999', 2, '2020-03-31 05:16:24', '2020-03-31 05:16:48', 1),
(446, 'Colver', '446', 'cquixleycd@stanford.edu', 'Male', '7/23/1999', 2, '2020-03-31 05:16:24', '2020-03-31 05:16:48', 1),
(447, 'Claude', '447', 'ccowchace@gnu.org', 'Female', '9/10/1999', 1, '2020-03-31 05:16:24', '2020-03-31 05:16:48', 1),
(448, 'Mickey', '448', 'mcassoncf@globo.com', 'Male', '7/29/1996', 2, '2020-03-31 05:16:24', '2020-03-31 05:16:48', 1),
(449, 'Tiler', '449', 'tpolglazecg@ycombinator.com', 'Male', '5/10/1996', 2, '2020-03-31 05:16:24', '2020-03-31 05:16:48', 1),
(450, 'Godfrey', '450', 'grecklessch@hao123.com', 'Male', '7/12/1998', 2, '2020-03-31 05:16:24', '2020-03-31 05:16:48', 1),
(451, 'Orelie', '451', 'obenthallci@europa.eu', 'Female', '6/22/1998', 2, '2020-03-31 05:16:24', '2020-03-31 05:16:48', 1),
(452, 'Tammie', '452', 'tgyppescj@typepad.com', 'Female', '11/28/1996', 1, '2020-03-31 05:16:24', '2020-03-31 05:16:48', 1),
(453, 'Amalia', '453', 'amacadamck@theguardian.com', 'Female', '2/22/2000', 2, '2020-03-31 05:16:24', '2020-03-31 05:16:48', 1),
(454, 'Jenda', '454', 'jorhtmanncl@google.nl', 'Female', '7/26/1995', 2, '2020-03-31 05:16:24', '2020-03-31 05:16:48', 1),
(455, 'Stace', '455', 'snoycecm@360.cn', 'Female', '6/5/1998', 2, '2020-03-31 05:16:24', '2020-03-31 05:16:48', 1),
(456, 'Carey', '456', 'cmickelwrightcn@uiuc.edu', 'Female', '6/29/1995', 2, '2020-03-31 05:16:24', '2020-03-31 05:16:48', 1),
(457, 'Barb', '457', 'btunuyco@theguardian.com', 'Female', '7/8/1998', 2, '2020-03-31 05:16:24', '2020-03-31 05:16:48', 1),
(458, 'Lottie', '458', 'lbilhamcp@kickstarter.com', 'Female', '11/30/1999', 1, '2020-03-31 05:16:24', '2020-03-31 05:16:48', 1),
(459, 'Yves', '459', 'ybewshirecq@yahoo.com', 'Male', '2/15/1998', 1, '2020-03-31 05:16:24', '2020-03-31 05:16:48', 1),
(460, 'Persis', '460', 'pcottoncr@whitehouse.gov', 'Female', '7/5/1996', 1, '2020-03-31 05:16:24', '2020-03-31 05:16:48', 1),
(461, 'Lief', '461', 'lcluttoncs@t.co', 'Male', '12/20/1998', 1, '2020-03-31 05:16:24', '2020-03-31 05:16:48', 1),
(462, 'Dory', '462', 'dmacdwyerct@ihg.com', 'Female', '8/30/1999', 1, '2020-03-31 05:16:24', '2020-03-31 05:16:48', 1),
(463, 'Ugo', '463', 'ugisbyecu@boston.com', 'Male', '5/22/1999', 2, '2020-03-31 05:16:24', '2020-03-31 05:16:48', 1),
(464, 'Rickert', '464', 'rwilcockcv@weather.com', 'Male', '6/23/1997', 1, '2020-03-31 05:16:24', '2020-03-31 05:16:48', 1),
(465, 'Templeton', '465', 'trushbrookcw@harvard.edu', 'Male', '4/25/1999', 2, '2020-03-31 05:16:24', '2020-03-31 05:16:48', 1),
(466, 'Esteban', '466', 'eslimancx@usatoday.com', 'Male', '8/18/1995', 1, '2020-03-31 05:16:24', '2020-03-31 05:16:48', 1),
(467, 'Kane', '467', 'ksanphercy@ft.com', 'Male', '9/3/1996', 1, '2020-03-31 05:16:24', '2020-03-31 05:16:48', 1),
(468, 'Niel', '468', 'nvowelscz@bbc.co.uk', 'Male', '8/9/1995', 1, '2020-03-31 05:16:24', '2020-03-31 05:16:48', 1),
(469, 'Herold', '469', 'hferaghd0@wiley.com', 'Male', '9/14/1999', 1, '2020-03-31 05:16:24', '2020-03-31 05:16:48', 1),
(470, 'Cordy', '470', 'cwealleansd1@symantec.com', 'Female', '7/26/1999', 1, '2020-03-31 05:16:24', '2020-03-31 05:16:48', 1),
(471, 'Cort', '471', 'cpriestlandd2@unesco.org', 'Male', '8/8/1997', 2, '2020-03-31 05:16:24', '2020-03-31 05:16:48', 1),
(472, 'Lukas', '472', 'lgeeritsd3@addthis.com', 'Male', '6/24/1998', 2, '2020-03-31 05:16:24', '2020-03-31 05:16:48', 1),
(473, 'Karilynn', '473', 'khenningtond4@qq.com', 'Female', '6/10/1995', 2, '2020-03-31 05:16:24', '2020-03-31 05:16:48', 1),
(474, 'Marysa', '474', 'mstickneyd5@myspace.com', 'Female', '6/24/1995', 2, '2020-03-31 05:16:24', '2020-03-31 05:16:48', 1),
(475, 'Filippa', '475', 'fstideverd6@elegantthemes.com', 'Female', '1/18/1997', 1, '2020-03-31 05:16:24', '2020-03-31 05:16:48', 1),
(476, 'Anna-diana', '476', 'ahilandd7@barnesandnoble.com', 'Female', '7/4/1995', 2, '2020-03-31 05:16:24', '2020-03-31 05:16:48', 1),
(477, 'Trever', '477', 'tszymonwiczd8@yale.edu', 'Male', '12/30/1995', 1, '2020-03-31 05:16:24', '2020-03-31 05:16:48', 1),
(478, 'Daffie', '478', 'dvanhalled9@purevolume.com', 'Female', '1/13/1999', 1, '2020-03-31 05:16:24', '2020-03-31 05:16:48', 1),
(479, 'Tabbi', '479', 'tfussieda@amazon.de', 'Female', '5/10/1997', 1, '2020-03-31 05:16:24', '2020-03-31 05:16:48', 1),
(480, 'Win', '480', 'wpalesdb@livejournal.com', 'Male', '9/29/1996', 1, '2020-03-31 05:16:24', '2020-03-31 05:16:48', 1),
(481, 'Isiahi', '481', 'iliveingdc@wix.com', 'Male', '9/30/1998', 2, '2020-03-31 05:16:24', '2020-03-31 05:16:48', 1),
(482, 'Oralee', '482', 'olesterdd@about.me', 'Female', '8/3/1999', 2, '2020-03-31 05:16:24', '2020-03-31 05:16:48', 1),
(483, 'Amelita', '483', 'asouthousede@paginegialle.it', 'Female', '4/3/1998', 1, '2020-03-31 05:16:24', '2020-03-31 05:16:48', 1),
(484, 'Lynelle', '484', 'lterrondf@oakley.com', 'Female', '1/15/1998', 2, '2020-03-31 05:16:24', '2020-03-31 05:16:48', 1),
(485, 'Sisile', '485', 'sbroxtondg@whitehouse.gov', 'Female', '11/2/1996', 1, '2020-03-31 05:16:24', '2020-03-31 05:16:48', 1),
(486, 'Lillis', '486', 'lreasondh@dell.com', 'Female', '1/23/1997', 2, '2020-03-31 05:16:24', '2020-03-31 05:16:48', 1),
(487, 'Carver', '487', 'cwalshdi@buzzfeed.com', 'Male', '10/25/1999', 2, '2020-03-31 05:16:24', '2020-03-31 05:16:48', 1),
(488, 'Joyan', '488', 'jlaethamdj@uol.com.br', 'Female', '2/17/2000', 2, '2020-03-31 05:16:24', '2020-03-31 05:16:48', 1),
(489, 'Tim', '489', 'tsalamondk@gravatar.com', 'Male', '9/20/1999', 1, '2020-03-31 05:16:24', '2020-03-31 05:16:48', 1),
(490, 'Kristoffer', '490', 'kgoadsbydl@blogger.com', 'Male', '2/4/1999', 2, '2020-03-31 05:16:24', '2020-03-31 05:16:48', 1),
(491, 'Marisa', '491', 'mdesmonddm@github.io', 'Female', '12/16/1998', 1, '2020-03-31 05:16:24', '2020-03-31 05:16:48', 1),
(492, 'Jerald', '492', 'jhatchelldn@gnu.org', 'Male', '4/3/1995', 2, '2020-03-31 05:16:24', '2020-03-31 05:16:48', 1),
(493, 'Roda', '493', 'rshropsheirdo@facebook.com', 'Female', '2/23/1997', 2, '2020-03-31 05:16:24', '2020-03-31 05:16:48', 1),
(494, 'Brewer', '494', 'brawdp@telegraph.co.uk', 'Male', '12/16/1995', 1, '2020-03-31 05:16:24', '2020-03-31 05:16:48', 1),
(495, 'Rafe', '495', 'rlhommeedq@unc.edu', 'Male', '4/2/1996', 1, '2020-03-31 05:16:24', '2020-03-31 05:16:48', 1),
(496, 'Caterina', '496', 'cdacostadr@imdb.com', 'Female', '11/1/1995', 2, '2020-03-31 05:16:24', '2020-03-31 05:16:48', 1),
(497, 'Guinna', '497', 'ggomesds@examiner.com', 'Female', '11/30/1997', 2, '2020-03-31 05:16:24', '2020-03-31 05:16:48', 1),
(498, 'Camala', '498', 'csaziodt@bbb.org', 'Female', '10/2/1999', 2, '2020-03-31 05:16:24', '2020-03-31 05:16:48', 1),
(499, 'Ashely', '499', 'ahickindu@twitter.com', 'Female', '9/5/1998', 2, '2020-03-31 05:16:24', '2020-03-31 05:16:48', 1),
(500, 'Sofia', '500', 'smorldv@usgs.gov', 'Female', '9/19/1999', 1, '2020-03-31 05:16:24', '2020-03-31 05:16:48', 1),
(501, 'Ivor', '501', 'ishearndw@phoca.cz', 'Male', '9/14/1998', 2, '2020-03-31 05:16:24', '2020-03-31 05:16:48', 1),
(502, 'Robert', '502', 'rbarnettdx@plala.or.jp', 'Male', '12/28/1997', 2, '2020-03-31 05:16:24', '2020-03-31 05:16:48', 1),
(503, 'Shirl', '503', 'sladlowdy@spiegel.de', 'Female', '7/2/1995', 2, '2020-03-31 05:16:24', '2020-03-31 05:16:48', 1),
(504, 'Kirby', '504', 'kcramerdz@tmall.com', 'Female', '11/20/1995', 2, '2020-03-31 05:16:24', '2020-03-31 05:16:48', 1),
(505, 'Joellen', '505', 'jredmonde0@home.pl', 'Female', '2/16/2000', 1, '2020-03-31 05:16:24', '2020-03-31 05:16:48', 1),
(506, 'Graig', '506', 'grollinsone1@google.ca', 'Male', '3/22/1999', 2, '2020-03-31 05:16:24', '2020-03-31 05:16:48', 1),
(507, 'Elena', '507', 'earmite2@homestead.com', 'Female', '3/26/2000', 2, '2020-03-31 05:16:24', '2020-03-31 05:16:48', 1),
(508, 'Normy', '508', 'nwrenne3@utexas.edu', 'Male', '10/10/1997', 1, '2020-03-31 05:16:24', '2020-03-31 05:16:48', 1),
(509, 'Josey', '509', 'jfrensche4@posterous.com', 'Female', '11/5/1996', 1, '2020-03-31 05:16:24', '2020-03-31 05:16:48', 1),
(510, 'Glyn', '510', 'greesone5@indiegogo.com', 'Female', '12/8/1996', 1, '2020-03-31 05:16:24', '2020-03-31 05:16:48', 1),
(511, 'Ivar', '511', 'ichadde6@comsenz.com', 'Male', '2/19/1999', 2, '2020-03-31 05:16:24', '2020-03-31 05:16:48', 1),
(512, 'Darelle', '512', 'dsherburne7@purevolume.com', 'Female', '10/11/1997', 1, '2020-03-31 05:16:24', '2020-03-31 05:16:48', 1),
(513, 'Shamus', '513', 'showleye8@thetimes.co.uk', 'Male', '7/23/1995', 2, '2020-03-31 05:16:24', '2020-03-31 05:16:48', 1),
(514, 'Arri', '514', 'ameliore9@xinhuanet.com', 'Male', '7/31/1997', 2, '2020-03-31 05:16:24', '2020-03-31 05:16:48', 1),
(515, 'Ky', '515', 'koverlowea@barnesandnoble.com', 'Male', '11/24/1998', 1, '2020-03-31 05:16:24', '2020-03-31 05:16:48', 1),
(516, 'Viola', '516', 'vdutnalleb@forbes.com', 'Female', '9/11/1998', 1, '2020-03-31 05:16:24', '2020-03-31 05:16:48', 1),
(517, 'Maddie', '517', 'mbarthropec@forbes.com', 'Female', '5/18/1998', 2, '2020-03-31 05:16:24', '2020-03-31 05:16:48', 1),
(518, 'April', '518', 'amacnameeed@princeton.edu', 'Female', '7/28/1998', 1, '2020-03-31 05:16:24', '2020-03-31 05:16:48', 1),
(519, 'Minor', '519', 'mdurieee@so-net.ne.jp', 'Male', '8/2/1997', 1, '2020-03-31 05:16:24', '2020-03-31 05:16:48', 1),
(520, 'Kassandra', '520', 'keggertonef@163.com', 'Female', '4/12/1995', 2, '2020-03-31 05:16:24', '2020-03-31 05:16:48', 1),
(521, 'Seth', '521', 'sgatrelleg@booking.com', 'Male', '6/18/1997', 2, '2020-03-31 05:16:24', '2020-03-31 05:16:48', 1),
(522, 'Alexander', '522', 'admitrieveh@state.gov', 'Male', '7/25/1996', 1, '2020-03-31 05:16:24', '2020-03-31 05:16:48', 1),
(523, 'Janeva', '523', 'jruggeei@amazon.com', 'Female', '11/8/1996', 1, '2020-03-31 05:16:24', '2020-03-31 05:16:48', 1),
(524, 'Cilka', '524', 'cwhitneyej@umich.edu', 'Female', '12/1/1995', 2, '2020-03-31 05:16:24', '2020-03-31 05:16:48', 1),
(525, 'Stanislaw', '525', 'smcinerneyek@hud.gov', 'Male', '2/19/1998', 2, '2020-03-31 05:16:24', '2020-03-31 05:16:48', 1),
(526, 'Emlen', '526', 'ecornerel@blogtalkradio.com', 'Male', '5/17/1997', 2, '2020-03-31 05:16:24', '2020-03-31 05:16:48', 1),
(527, 'Robb', '527', 'rbadrockem@oracle.com', 'Male', '10/29/1995', 1, '2020-03-31 05:16:24', '2020-03-31 05:16:48', 1),
(528, 'Maryanne', '528', 'mhardsen@multiply.com', 'Female', '9/9/1998', 1, '2020-03-31 05:16:24', '2020-03-31 05:16:48', 1),
(529, 'Ariella', '529', 'adougilleo@imageshack.us', 'Female', '3/20/1998', 2, '2020-03-31 05:16:24', '2020-03-31 05:16:48', 1),
(530, 'Charleen', '530', 'cgoudardep@zdnet.com', 'Female', '12/11/1998', 1, '2020-03-31 05:16:24', '2020-03-31 05:16:48', 1),
(531, 'Billy', '531', 'bjertzeq@biblegateway.com', 'Male', '8/21/1998', 2, '2020-03-31 05:16:24', '2020-03-31 05:16:48', 1),
(532, 'Barnie', '532', 'bdearnalyer@mit.edu', 'Male', '12/15/1996', 2, '2020-03-31 05:16:24', '2020-03-31 05:16:48', 1),
(533, 'Amos', '533', 'agifkinses@chronoengine.com', 'Male', '11/8/1999', 1, '2020-03-31 05:16:24', '2020-03-31 05:16:48', 1),
(534, 'Teressa', '534', 'temeryet@lulu.com', 'Female', '9/28/1996', 1, '2020-03-31 05:16:24', '2020-03-31 05:16:48', 1),
(535, 'Dacy', '535', 'dsewalleu@scribd.com', 'Female', '9/26/1998', 2, '2020-03-31 05:16:24', '2020-03-31 05:16:48', 1),
(536, 'Dania', '536', 'dseabertev@simplemachines.org', 'Female', '10/2/1996', 1, '2020-03-31 05:16:24', '2020-03-31 05:16:48', 1),
(537, 'Jana', '537', 'jvolkew@elegantthemes.com', 'Female', '12/23/1996', 2, '2020-03-31 05:16:24', '2020-03-31 05:16:48', 1),
(538, 'Kim', '538', 'kpratleyex@gov.uk', 'Male', '10/11/1995', 2, '2020-03-31 05:16:24', '2020-03-31 05:16:48', 1),
(539, 'Rawley', '539', 'rdibartolomeoey@cloudflare.com', 'Male', '5/24/1996', 2, '2020-03-31 05:16:24', '2020-03-31 05:16:48', 1),
(540, 'Briant', '540', 'bbowerbankez@senate.gov', 'Male', '4/17/1998', 1, '2020-03-31 05:16:24', '2020-03-31 05:16:48', 1),
(541, 'Vale', '541', 'vbillhamf0@jalbum.net', 'Female', '2/24/1998', 2, '2020-03-31 05:16:24', '2020-03-31 05:16:48', 1),
(542, 'Willie', '542', 'wraviliousf1@craigslist.org', 'Female', '11/24/1996', 2, '2020-03-31 05:16:24', '2020-03-31 05:16:48', 1),
(543, 'Reggie', '543', 'rrolstonf2@a8.net', 'Female', '8/15/1997', 2, '2020-03-31 05:16:24', '2020-03-31 05:16:48', 1),
(544, 'Bucky', '544', 'blydfordf3@newsvine.com', 'Male', '7/4/1997', 1, '2020-03-31 05:16:24', '2020-03-31 05:16:48', 1),
(545, 'Keary', '545', 'kkestevenf4@rediff.com', 'Male', '11/28/1999', 1, '2020-03-31 05:16:24', '2020-03-31 05:16:48', 1),
(546, 'Neala', '546', 'nspraggsf5@oaic.gov.au', 'Female', '7/3/1996', 1, '2020-03-31 05:16:24', '2020-03-31 05:16:48', 1),
(547, 'Merrily', '547', 'mismailf6@cocolog-nifty.com', 'Female', '6/26/1999', 1, '2020-03-31 05:16:24', '2020-03-31 05:16:48', 1),
(548, 'Ade', '548', 'arenf7@nhs.uk', 'Male', '7/11/1998', 1, '2020-03-31 05:16:24', '2020-03-31 05:16:48', 1),
(549, 'Jana', '549', 'jshakspearef8@go.com', 'Female', '10/18/1998', 2, '2020-03-31 05:16:24', '2020-03-31 05:16:48', 1),
(550, 'Sayres', '550', 'selwardf9@jiathis.com', 'Male', '5/14/1998', 1, '2020-03-31 05:16:24', '2020-03-31 05:16:48', 1),
(551, 'Tyrone', '551', 'tportsmouthfa@simplemachines.org', 'Male', '12/26/1998', 2, '2020-03-31 05:16:24', '2020-03-31 05:16:48', 1),
(552, 'Kimmy', '552', 'kfirmagefb@ow.ly', 'Female', '10/9/1999', 2, '2020-03-31 05:16:24', '2020-03-31 05:16:48', 1),
(553, 'Dalia', '553', 'dbagehotfc@bizjournals.com', 'Female', '5/8/1999', 2, '2020-03-31 05:16:24', '2020-03-31 05:16:48', 1),
(554, 'Lilah', '554', 'ljackettsfd@deliciousdays.com', 'Female', '8/10/1997', 1, '2020-03-31 05:16:24', '2020-03-31 05:16:48', 1),
(555, 'Maribel', '555', 'mstringfellowfe@alibaba.com', 'Female', '1/31/1997', 2, '2020-03-31 05:16:24', '2020-03-31 05:16:48', 1),
(556, 'Jacquenetta', '556', 'jspreyff@meetup.com', 'Female', '11/17/1997', 2, '2020-03-31 05:16:24', '2020-03-31 05:16:48', 1),
(557, 'Dianne', '557', 'draycroftfg@twitpic.com', 'Female', '4/9/1995', 2, '2020-03-31 05:16:24', '2020-03-31 05:16:48', 1),
(558, 'Rabbi', '558', 'rlilesfh@t-online.de', 'Male', '12/5/1997', 2, '2020-03-31 05:16:24', '2020-03-31 05:16:48', 1),
(559, 'Garfield', '559', 'gfridayfi@walmart.com', 'Male', '6/19/1995', 1, '2020-03-31 05:16:24', '2020-03-31 05:16:48', 1),
(560, 'Ettore', '560', 'emallettfj@usa.gov', 'Male', '6/3/1999', 2, '2020-03-31 05:16:24', '2020-03-31 05:16:48', 1),
(561, 'Quillan', '561', 'qdebeauchempfk@alexa.com', 'Male', '3/21/1998', 2, '2020-03-31 05:16:24', '2020-03-31 05:16:48', 1),
(562, 'Marlo', '562', 'mbroosefl@noaa.gov', 'Male', '6/10/1996', 1, '2020-03-31 05:16:24', '2020-03-31 05:16:48', 1),
(563, 'Hastie', '563', 'htarbornfm@bbb.org', 'Male', '2/18/1998', 1, '2020-03-31 05:16:24', '2020-03-31 05:16:48', 1),
(564, 'Gunter', '564', 'glghanfn@diigo.com', 'Male', '1/8/1996', 1, '2020-03-31 05:16:24', '2020-03-31 05:16:48', 1),
(565, 'Otes', '565', 'oparrenfo@sitemeter.com', 'Male', '3/15/1998', 1, '2020-03-31 05:16:24', '2020-03-31 05:16:48', 1),
(566, 'Will', '566', 'wgynnefp@stanford.edu', 'Male', '1/2/2000', 2, '2020-03-31 05:16:24', '2020-03-31 05:16:48', 1),
(567, 'Lennie', '567', 'ljunkisonfq@sfgate.com', 'Male', '8/10/1998', 2, '2020-03-31 05:16:24', '2020-03-31 05:16:48', 1),
(568, 'Norean', '568', 'nhassonfr@seesaa.net', 'Female', '10/23/1999', 1, '2020-03-31 05:16:24', '2020-03-31 05:16:48', 1),
(569, 'Drucy', '569', 'dsilversfs@squidoo.com', 'Female', '6/24/1995', 2, '2020-03-31 05:16:24', '2020-03-31 05:16:48', 1),
(570, 'Jillie', '570', 'jlinwoodft@hubpages.com', 'Female', '7/2/1998', 1, '2020-03-31 05:16:24', '2020-03-31 05:16:48', 1),
(571, 'Kirbee', '571', 'kgreenroddfu@flickr.com', 'Female', '10/4/1998', 1, '2020-03-31 05:16:24', '2020-03-31 05:16:48', 1),
(572, 'Amberly', '572', 'ahawtonfv@arizona.edu', 'Female', '2/5/1999', 2, '2020-03-31 05:16:24', '2020-03-31 05:16:48', 1),
(573, 'Pall', '573', 'pschuchmacherfw@123-reg.co.uk', 'Male', '5/14/1996', 1, '2020-03-31 05:16:24', '2020-03-31 05:16:48', 1),
(574, 'Lynelle', '574', 'lbowdonfx@netvibes.com', 'Female', '9/30/1997', 2, '2020-03-31 05:16:24', '2020-03-31 05:16:48', 1),
(575, 'Mab', '575', 'mmarquesefy@irs.gov', 'Female', '8/22/1999', 2, '2020-03-31 05:16:24', '2020-03-31 05:16:48', 1),
(576, 'Erek', '576', 'eennewfz@typepad.com', 'Male', '12/17/1997', 2, '2020-03-31 05:16:24', '2020-03-31 05:16:48', 1),
(577, 'Elset', '577', 'edurningg0@bloomberg.com', 'Female', '8/9/1999', 2, '2020-03-31 05:16:24', '2020-03-31 05:16:48', 1),
(578, 'Ax', '578', 'amuglestoneg1@opensource.org', 'Male', '12/5/1997', 2, '2020-03-31 05:16:24', '2020-03-31 05:16:48', 1),
(579, 'Gabriello', '579', 'glanneng2@jigsy.com', 'Male', '5/5/1997', 2, '2020-03-31 05:16:24', '2020-03-31 05:16:48', 1),
(580, 'Dwayne', '580', 'dmecchig3@tiny.cc', 'Male', '6/20/1995', 1, '2020-03-31 05:16:24', '2020-03-31 05:16:48', 1),
(581, 'Renell', '581', 'rtomankiewiczg4@utexas.edu', 'Female', '8/31/1998', 1, '2020-03-31 05:16:24', '2020-03-31 05:16:48', 1),
(582, 'Norrie', '582', 'nbarthelmesg5@ehow.com', 'Male', '5/18/1997', 1, '2020-03-31 05:16:24', '2020-03-31 05:16:48', 1),
(583, 'Bank', '583', 'bkopjeg6@dell.com', 'Male', '4/1/1999', 2, '2020-03-31 05:16:24', '2020-03-31 05:16:48', 1),
(584, 'Ranna', '584', 'rstoppardg7@yelp.com', 'Female', '12/11/1995', 1, '2020-03-31 05:16:24', '2020-03-31 05:16:48', 1),
(585, 'Quinton', '585', 'qadshedg8@hostgator.com', 'Male', '7/31/1995', 2, '2020-03-31 05:16:24', '2020-03-31 05:16:48', 1),
(586, 'Zola', '586', 'zwitardg9@about.me', 'Female', '3/4/1999', 2, '2020-03-31 05:16:24', '2020-03-31 05:16:48', 1),
(587, 'Jade', '587', 'jbarrga@1und1.de', 'Female', '2/23/1996', 1, '2020-03-31 05:16:24', '2020-03-31 05:16:48', 1),
(588, 'Ollie', '588', 'ocarvergb@cargocollective.com', 'Female', '1/31/1996', 1, '2020-03-31 05:16:24', '2020-03-31 05:16:48', 1),
(589, 'Jolene', '589', 'jninnoligc@arizona.edu', 'Female', '7/10/1997', 1, '2020-03-31 05:16:24', '2020-03-31 05:16:48', 1),
(590, 'Carine', '590', 'cjaneckigd@fastcompany.com', 'Female', '8/12/1998', 2, '2020-03-31 05:16:24', '2020-03-31 05:16:48', 1),
(591, 'Ashley', '591', 'amelonbyge@sphinn.com', 'Male', '12/2/1998', 1, '2020-03-31 05:16:24', '2020-03-31 05:16:48', 1),
(592, 'Anjanette', '592', 'aeselgf@miitbeian.gov.cn', 'Female', '6/20/1999', 1, '2020-03-31 05:16:24', '2020-03-31 05:16:48', 1),
(593, 'Betta', '593', 'bdorregg@goodreads.com', 'Female', '5/5/1997', 1, '2020-03-31 05:16:24', '2020-03-31 05:16:48', 1),
(594, 'Doralia', '594', 'dpalmargh@dot.gov', 'Female', '12/24/1999', 2, '2020-03-31 05:16:24', '2020-03-31 05:16:48', 1),
(595, 'Rafaello', '595', 'rridinggi@engadget.com', 'Male', '1/19/1998', 1, '2020-03-31 05:16:24', '2020-03-31 05:16:48', 1),
(596, 'Brig', '596', 'bsaergj@wp.com', 'Male', '11/27/1997', 2, '2020-03-31 05:16:24', '2020-03-31 05:16:48', 1),
(597, 'Meghan', '597', 'mmegsongk@hp.com', 'Female', '3/3/1999', 2, '2020-03-31 05:16:24', '2020-03-31 05:16:48', 1),
(598, 'Brock', '598', 'bwarehamgl@deliciousdays.com', 'Male', '8/23/1998', 2, '2020-03-31 05:16:24', '2020-03-31 05:16:48', 1),
(599, 'Gery', '599', 'glammertgm@dmoz.org', 'Male', '2/14/1999', 2, '2020-03-31 05:16:24', '2020-03-31 05:16:48', 1),
(600, 'Florance', '600', 'fhurnegn@examiner.com', 'Female', '8/30/1998', 2, '2020-03-31 05:16:24', '2020-03-31 05:16:48', 1),
(601, 'Clementina', '601', 'cdunstango@dmoz.org', 'Female', '3/8/2000', 2, '2020-03-31 05:16:24', '2020-03-31 05:16:48', 1),
(602, 'Sadye', '602', 'slesliegp@wix.com', 'Female', '2/27/2000', 1, '2020-03-31 05:16:24', '2020-03-31 05:16:48', 1),
(603, 'Nicolle', '603', 'nblythgq@dion.ne.jp', 'Female', '6/15/1996', 2, '2020-03-31 05:16:24', '2020-03-31 05:16:48', 1),
(604, 'Doreen', '604', 'dfaggegr@bloglines.com', 'Female', '2/3/2000', 2, '2020-03-31 05:16:24', '2020-03-31 05:16:48', 1),
(605, 'Denice', '605', 'dmathelings@cdc.gov', 'Female', '8/5/1998', 2, '2020-03-31 05:16:24', '2020-03-31 05:16:48', 1),
(606, 'Cherlyn', '606', 'cbraveygt@youtube.com', 'Female', '2/17/1996', 1, '2020-03-31 05:16:24', '2020-03-31 05:16:48', 1),
(607, 'Rossy', '607', 'rcolcloughgu@gnu.org', 'Male', '9/9/1996', 1, '2020-03-31 05:16:24', '2020-03-31 05:16:48', 1),
(608, 'Tobye', '608', 'twhaitesgv@homestead.com', 'Female', '9/2/1998', 2, '2020-03-31 05:16:24', '2020-03-31 05:16:48', 1),
(609, 'Davine', '609', 'dwaszczykgw@usnews.com', 'Female', '11/23/1999', 2, '2020-03-31 05:16:24', '2020-03-31 05:16:48', 1),
(610, 'Cammy', '610', 'cdeferrarisgx@creativecommons.org', 'Male', '8/14/1999', 1, '2020-03-31 05:16:24', '2020-03-31 05:16:48', 1),
(611, 'Eadie', '611', 'eamysgy@imageshack.us', 'Female', '6/18/1997', 1, '2020-03-31 05:16:24', '2020-03-31 05:16:48', 1),
(612, 'Sophi', '612', 'sgladergz@berkeley.edu', 'Female', '10/10/1997', 2, '2020-03-31 05:16:24', '2020-03-31 05:16:48', 1),
(613, 'Leanor', '613', 'lofieldh0@army.mil', 'Female', '1/6/2000', 1, '2020-03-31 05:16:24', '2020-03-31 05:16:48', 1),
(614, 'Dev', '614', 'dbensenh1@smh.com.au', 'Male', '10/28/1999', 1, '2020-03-31 05:16:24', '2020-03-31 05:16:48', 1),
(615, 'Vergil', '615', 'vbordmanh2@mysql.com', 'Male', '8/17/1999', 2, '2020-03-31 05:16:24', '2020-03-31 05:16:48', 1),
(616, 'Ludovico', '616', 'lburganeh3@odnoklassniki.ru', 'Male', '2/26/1999', 2, '2020-03-31 05:16:24', '2020-03-31 05:16:48', 1),
(617, 'Barby', '617', 'bbittanyh4@hexun.com', 'Female', '9/11/1995', 2, '2020-03-31 05:16:24', '2020-03-31 05:16:48', 1),
(618, 'My', '618', 'mgrimblebyh5@techcrunch.com', 'Male', '12/27/1998', 2, '2020-03-31 05:16:24', '2020-03-31 05:16:48', 1),
(619, 'Jamie', '619', 'jtregidgah6@alexa.com', 'Female', '6/24/1999', 1, '2020-03-31 05:16:24', '2020-03-31 05:16:48', 1),
(620, 'Teodorico', '620', 'tokeevanh7@freewebs.com', 'Male', '1/4/1996', 2, '2020-03-31 05:16:24', '2020-03-31 05:16:48', 1),
(621, 'Jessy', '621', 'jmackilpatrickh8@bbc.co.uk', 'Female', '10/30/1996', 1, '2020-03-31 05:16:24', '2020-03-31 05:16:48', 1),
(622, 'Stacy', '622', 'skleinsmuntzh9@reuters.com', 'Male', '12/16/1997', 1, '2020-03-31 05:16:24', '2020-03-31 05:16:48', 1),
(623, 'Reynard', '623', 'rsealyha@delicious.com', 'Male', '4/14/1996', 2, '2020-03-31 05:16:24', '2020-03-31 05:16:48', 1),
(624, 'Sandy', '624', 'stommasettihb@cbslocal.com', 'Female', '10/23/1995', 2, '2020-03-31 05:16:24', '2020-03-31 05:16:48', 1),
(625, 'Simone', '625', 'smeerehc@ovh.net', 'Female', '9/1/1998', 1, '2020-03-31 05:16:24', '2020-03-31 05:16:48', 1),
(626, 'Aubree', '626', 'alingehd@quantcast.com', 'Female', '2/19/1996', 1, '2020-03-31 05:16:24', '2020-03-31 05:16:48', 1),
(627, 'Eva', '627', 'ekasherhe@odnoklassniki.ru', 'Female', '8/5/1999', 2, '2020-03-31 05:16:24', '2020-03-31 05:16:48', 1),
(628, 'Marigold', '628', 'mwardallhf@state.gov', 'Female', '7/5/1997', 1, '2020-03-31 05:16:24', '2020-03-31 05:16:48', 1),
(629, 'Sande', '629', 'sgwillyamhg@seattletimes.com', 'Female', '12/26/1995', 1, '2020-03-31 05:16:24', '2020-03-31 05:16:48', 1),
(630, 'Nelie', '630', 'npepishh@webmd.com', 'Female', '1/19/2000', 1, '2020-03-31 05:16:24', '2020-03-31 05:16:48', 1),
(631, 'Wilie', '631', 'wminerohi@ustream.tv', 'Female', '2/4/1998', 2, '2020-03-31 05:16:24', '2020-03-31 05:16:48', 1),
(632, 'Lavina', '632', 'ldrezzerhj@a8.net', 'Female', '10/26/1995', 2, '2020-03-31 05:16:24', '2020-03-31 05:16:48', 1),
(633, 'Gare', '633', 'ggrundlehk@guardian.co.uk', 'Male', '1/30/1998', 2, '2020-03-31 05:16:24', '2020-03-31 05:16:48', 1),
(634, 'Herculie', '634', 'hkleinsmuntzhl@house.gov', 'Male', '5/20/1998', 2, '2020-03-31 05:16:24', '2020-03-31 05:16:48', 1),
(635, 'Britte', '635', 'bchelnamhm@cisco.com', 'Female', '1/27/1999', 1, '2020-03-31 05:16:24', '2020-03-31 05:16:48', 1),
(636, 'Giulio', '636', 'gdrachehn@example.com', 'Male', '11/3/1996', 2, '2020-03-31 05:16:24', '2020-03-31 05:16:48', 1),
(637, 'Courtnay', '637', 'cgoodacreho@shop-pro.jp', 'Male', '1/31/1999', 1, '2020-03-31 05:16:24', '2020-03-31 05:16:48', 1),
(638, 'Leoline', '638', 'lrosbroughhp@godaddy.com', 'Female', '8/24/1998', 2, '2020-03-31 05:16:24', '2020-03-31 05:16:48', 1),
(639, 'Morly', '639', 'mhunnybunhq@wikia.com', 'Male', '8/7/1999', 1, '2020-03-31 05:16:24', '2020-03-31 05:16:48', 1),
(640, 'Bud', '640', 'bhesselhr@harvard.edu', 'Male', '12/14/1996', 2, '2020-03-31 05:16:24', '2020-03-31 05:16:48', 1),
(641, 'Ange', '641', 'aholehousehs@blogtalkradio.com', 'Male', '11/20/1995', 1, '2020-03-31 05:16:24', '2020-03-31 05:16:48', 1),
(642, 'Nanice', '642', 'nbaggsht@va.gov', 'Female', '5/3/1998', 1, '2020-03-31 05:16:24', '2020-03-31 05:16:48', 1),
(643, 'Rakel', '643', 'rbinyonhu@geocities.jp', 'Female', '9/27/1999', 1, '2020-03-31 05:16:24', '2020-03-31 05:16:48', 1),
(644, 'Gasper', '644', 'glarretthv@wikispaces.com', 'Male', '7/12/1999', 1, '2020-03-31 05:16:24', '2020-03-31 05:16:48', 1),
(645, 'Romeo', '645', 'rgaunterhw@dot.gov', 'Male', '10/9/1999', 2, '2020-03-31 05:16:24', '2020-03-31 05:16:48', 1),
(646, 'Emili', '646', 'etiesmanhx@networkadvertising.org', 'Female', '1/1/1996', 2, '2020-03-31 05:16:24', '2020-03-31 05:16:48', 1),
(647, 'Jania', '647', 'jpriddlehy@toplist.cz', 'Female', '5/14/1998', 2, '2020-03-31 05:16:24', '2020-03-31 05:16:48', 1),
(648, 'Gray', '648', 'gpenneyhz@wikipedia.org', 'Male', '1/5/1997', 1, '2020-03-31 05:16:24', '2020-03-31 05:16:48', 1),
(649, 'Swen', '649', 'sscarei0@alexa.com', 'Male', '11/25/1996', 1, '2020-03-31 05:16:24', '2020-03-31 05:16:48', 1),
(650, 'Jacquette', '650', 'jgrigorescui1@ezinearticles.com', 'Female', '10/5/1997', 2, '2020-03-31 05:16:24', '2020-03-31 05:16:48', 1),
(651, 'Elbertina', '651', 'eyakunkini2@histats.com', 'Female', '5/25/1999', 1, '2020-03-31 05:16:24', '2020-03-31 05:16:48', 1),
(652, 'Fredrick', '652', 'fmathousei3@ucsd.edu', 'Male', '6/23/1997', 2, '2020-03-31 05:16:24', '2020-03-31 05:16:48', 1),
(653, 'Missy', '653', 'mglassi4@va.gov', 'Female', '11/30/1997', 2, '2020-03-31 05:16:24', '2020-03-31 05:16:48', 1),
(654, 'Gaelan', '654', 'gcasalii5@bloglines.com', 'Male', '10/14/1998', 2, '2020-03-31 05:16:24', '2020-03-31 05:16:48', 1),
(655, 'Cirstoforo', '655', 'cscocrofti6@live.com', 'Male', '7/31/1997', 2, '2020-03-31 05:16:24', '2020-03-31 05:16:48', 1),
(656, 'Janaye', '656', 'jgorvini7@arstechnica.com', 'Female', '12/7/1999', 2, '2020-03-31 05:16:24', '2020-03-31 05:16:48', 1),
(657, 'Melosa', '657', 'missaci8@a8.net', 'Female', '11/15/1998', 1, '2020-03-31 05:16:24', '2020-03-31 05:16:48', 1),
(658, 'Jan', '658', 'jdeangelisi9@google.nl', 'Female', '12/23/1999', 1, '2020-03-31 05:16:24', '2020-03-31 05:16:48', 1),
(659, 'Kari', '659', 'ktolottiia@blogger.com', 'Female', '10/17/1999', 1, '2020-03-31 05:16:24', '2020-03-31 05:16:48', 1),
(660, 'Tallia', '660', 'tcavilleib@clickbank.net', 'Female', '1/28/1997', 2, '2020-03-31 05:16:24', '2020-03-31 05:16:48', 1),
(661, 'Sumner', '661', 'sjaumeic@constantcontact.com', 'Male', '7/15/1996', 1, '2020-03-31 05:16:24', '2020-03-31 05:16:48', 1),
(662, 'Cathyleen', '662', 'cspringallid@1und1.de', 'Female', '8/13/1996', 1, '2020-03-31 05:16:24', '2020-03-31 05:16:48', 1),
(663, 'Verge', '663', 'vgristwoodie@cargocollective.com', 'Male', '7/10/1997', 2, '2020-03-31 05:16:24', '2020-03-31 05:16:48', 1),
(664, 'Ulrikaumeko', '664', 'umccasterif@foxnews.com', 'Female', '10/22/1995', 2, '2020-03-31 05:16:24', '2020-03-31 05:16:48', 1),
(665, 'Lauren', '665', 'ljoslandig@sun.com', 'Female', '3/7/1998', 2, '2020-03-31 05:16:24', '2020-03-31 05:16:48', 1),
(666, 'Carine', '666', 'cfashamih@abc.net.au', 'Female', '12/11/1998', 2, '2020-03-31 05:16:24', '2020-03-31 05:16:48', 1),
(667, 'Beulah', '667', 'bnardiii@princeton.edu', 'Female', '5/26/1998', 1, '2020-03-31 05:16:24', '2020-03-31 05:16:48', 1),
(668, 'Iggy', '668', 'imcdillij@microsoft.com', 'Male', '3/13/1997', 2, '2020-03-31 05:16:24', '2020-03-31 05:16:48', 1),
(669, 'Reginald', '669', 'rdaintonik@github.com', 'Male', '11/23/1995', 1, '2020-03-31 05:16:24', '2020-03-31 05:16:48', 1),
(670, 'Melesa', '670', 'mzylbermannil@imdb.com', 'Female', '10/23/1999', 2, '2020-03-31 05:16:24', '2020-03-31 05:16:48', 1),
(671, 'Audy', '671', 'astealyim@guardian.co.uk', 'Female', '11/4/1999', 1, '2020-03-31 05:16:24', '2020-03-31 05:16:48', 1),
(672, 'Cilka', '672', 'cjurkiewiczin@hp.com', 'Female', '1/8/1999', 2, '2020-03-31 05:16:24', '2020-03-31 05:16:48', 1),
(673, 'Penelopa', '673', 'pmanderio@digg.com', 'Female', '7/2/1998', 1, '2020-03-31 05:16:24', '2020-03-31 05:16:48', 1),
(674, 'Corbet', '674', 'crolstonip@devhub.com', 'Male', '11/21/1995', 2, '2020-03-31 05:16:24', '2020-03-31 05:16:48', 1),
(675, 'Nollie', '675', 'nshorbrookiq@eventbrite.com', 'Male', '6/26/1999', 1, '2020-03-31 05:16:24', '2020-03-31 05:16:48', 1),
(676, 'Aimee', '676', 'ablaschkeir@fastcompany.com', 'Female', '9/30/1998', 1, '2020-03-31 05:16:24', '2020-03-31 05:16:48', 1),
(677, 'Stephi', '677', 'swilcoxis@businesswire.com', 'Female', '3/6/1998', 2, '2020-03-31 05:16:24', '2020-03-31 05:16:48', 1),
(678, 'Randall', '678', 'rbirtleyit@nsw.gov.au', 'Male', '5/4/1995', 1, '2020-03-31 05:16:24', '2020-03-31 05:16:48', 1),
(679, 'Yance', '679', 'ypadmoreiu@topsy.com', 'Male', '4/6/1997', 1, '2020-03-31 05:16:24', '2020-03-31 05:16:48', 1),
(680, 'Bord', '680', 'bgarmstoniv@dot.gov', 'Male', '5/1/1997', 2, '2020-03-31 05:16:24', '2020-03-31 05:16:48', 1),
(681, 'Ninon', '681', 'ncummingsiw@wikipedia.org', 'Female', '11/11/1996', 2, '2020-03-31 05:16:24', '2020-03-31 05:16:48', 1),
(682, 'Helenka', '682', 'hnilgesix@fotki.com', 'Female', '4/11/1998', 1, '2020-03-31 05:16:24', '2020-03-31 05:16:48', 1),
(683, 'Natasha', '683', 'nbarkawayiy@google.it', 'Female', '7/22/1996', 2, '2020-03-31 05:16:24', '2020-03-31 05:16:48', 1),
(684, 'Kleon', '684', 'kbediniz@zdnet.com', 'Male', '4/28/1998', 1, '2020-03-31 05:16:24', '2020-03-31 05:16:48', 1),
(685, 'Raleigh', '685', 'reastmeadj0@hhs.gov', 'Male', '6/18/1997', 2, '2020-03-31 05:16:24', '2020-03-31 05:16:48', 1),
(686, 'Beckie', '686', 'bdamantj1@posterous.com', 'Female', '3/13/1999', 2, '2020-03-31 05:16:24', '2020-03-31 05:16:48', 1),
(687, 'Bartolomeo', '687', 'brevillj2@chicagotribune.com', 'Male', '10/16/1996', 2, '2020-03-31 05:16:24', '2020-03-31 05:16:48', 1),
(688, 'Edd', '688', 'ekingsmillj3@privacy.gov.au', 'Male', '6/18/1996', 2, '2020-03-31 05:16:24', '2020-03-31 05:16:48', 1),
(689, 'Zita', '689', 'zandrij4@webeden.co.uk', 'Female', '10/8/1995', 1, '2020-03-31 05:16:24', '2020-03-31 05:16:48', 1),
(690, 'Rhianna', '690', 'rmacdermidj5@youtu.be', 'Female', '12/6/1999', 1, '2020-03-31 05:16:24', '2020-03-31 05:16:48', 1),
(691, 'Sabina', '691', 'showleyj6@columbia.edu', 'Female', '10/7/1999', 2, '2020-03-31 05:16:24', '2020-03-31 05:16:48', 1),
(692, 'Coral', '692', 'ccowthardj7@amazon.de', 'Female', '4/17/1995', 1, '2020-03-31 05:16:24', '2020-03-31 05:16:48', 1),
(693, 'Ondrea', '693', 'ocowerdj8@e-recht24.de', 'Female', '5/14/1999', 1, '2020-03-31 05:16:24', '2020-03-31 05:16:48', 1),
(694, 'Arlette', '694', 'agasquoinej9@microsoft.com', 'Female', '7/11/1996', 2, '2020-03-31 05:16:24', '2020-03-31 05:16:48', 1),
(695, 'Anet', '695', 'aiacovidesja@bloglovin.com', 'Female', '12/11/1996', 1, '2020-03-31 05:16:24', '2020-03-31 05:16:48', 1),
(696, 'Adrea', '696', 'abaudinetjb@webs.com', 'Female', '4/9/1997', 1, '2020-03-31 05:16:24', '2020-03-31 05:16:48', 1),
(697, 'Audy', '697', 'agrubbjc@exblog.jp', 'Female', '10/19/1997', 2, '2020-03-31 05:16:24', '2020-03-31 05:16:48', 1),
(698, 'Ilsa', '698', 'igrosvenorjd@sbwire.com', 'Female', '9/11/1996', 1, '2020-03-31 05:16:24', '2020-03-31 05:16:48', 1),
(699, 'Far', '699', 'fglackenje@cloudflare.com', 'Male', '10/9/1997', 1, '2020-03-31 05:16:24', '2020-03-31 05:16:48', 1),
(700, 'Marsh', '700', 'mpanksjf@mtv.com', 'Male', '3/21/1998', 1, '2020-03-31 05:16:24', '2020-03-31 05:16:48', 1),
(701, 'Rurik', '701', 'rchinneryjg@mashable.com', 'Male', '3/10/1998', 1, '2020-03-31 05:16:24', '2020-03-31 05:16:48', 1),
(702, 'Pauli', '702', 'pmaccarijh@businesswire.com', 'Female', '6/4/1997', 2, '2020-03-31 05:16:24', '2020-03-31 05:16:48', 1),
(703, 'Mignon', '703', 'mgreeneji@weebly.com', 'Female', '5/2/1997', 1, '2020-03-31 05:16:24', '2020-03-31 05:16:48', 1),
(704, 'Jenine', '704', 'jhuskjj@homestead.com', 'Female', '1/22/1996', 1, '2020-03-31 05:16:24', '2020-03-31 05:16:48', 1),
(705, 'Corella', '705', 'chumbelljk@freewebs.com', 'Female', '1/12/2000', 2, '2020-03-31 05:16:24', '2020-03-31 05:16:48', 1),
(706, 'Ellwood', '706', 'ebillesjl@wix.com', 'Male', '8/24/1999', 2, '2020-03-31 05:16:24', '2020-03-31 05:16:48', 1),
(707, 'Conn', '707', 'cmetterickejm@marketwatch.com', 'Male', '10/30/1996', 2, '2020-03-31 05:16:24', '2020-03-31 05:16:48', 1),
(708, 'Stirling', '708', 'sverheydenjn@photobucket.com', 'Male', '8/29/1999', 1, '2020-03-31 05:16:24', '2020-03-31 05:16:48', 1),
(709, 'Broderick', '709', 'bstonehousejo@cisco.com', 'Male', '3/1/1999', 1, '2020-03-31 05:16:24', '2020-03-31 05:16:48', 1),
(710, 'Jae', '710', 'jcoggilljp@behance.net', 'Male', '1/7/1996', 2, '2020-03-31 05:16:24', '2020-03-31 05:16:48', 1),
(711, 'Lilli', '711', 'lglanzjq@mail.ru', 'Female', '10/27/1999', 1, '2020-03-31 05:16:24', '2020-03-31 05:16:48', 1),
(712, 'Carson', '712', 'cfirbanksjr@moonfruit.com', 'Male', '8/8/1997', 2, '2020-03-31 05:16:24', '2020-03-31 05:16:48', 1),
(713, 'Olag', '713', 'otarburnjs@independent.co.uk', 'Male', '7/1/1996', 2, '2020-03-31 05:16:24', '2020-03-31 05:16:48', 1),
(714, 'Sutherlan', '714', 'sousbyjt@ucla.edu', 'Male', '11/17/1995', 1, '2020-03-31 05:16:24', '2020-03-31 05:16:48', 1),
(715, 'Lin', '715', 'llombju@google.pl', 'Male', '4/25/1995', 1, '2020-03-31 05:16:24', '2020-03-31 05:16:48', 1),
(716, 'Burg', '716', 'biozefovichjv@wp.com', 'Male', '5/18/1999', 2, '2020-03-31 05:16:24', '2020-03-31 05:16:48', 1),
(717, 'Darill', '717', 'dkalvinjw@moonfruit.com', 'Male', '9/10/1998', 1, '2020-03-31 05:16:24', '2020-03-31 05:16:48', 1),
(718, 'Julio', '718', 'jattackjx@hostgator.com', 'Male', '7/19/1995', 1, '2020-03-31 05:16:24', '2020-03-31 05:16:48', 1),
(719, 'Isabeau', '719', 'ispeirsjy@nytimes.com', 'Female', '8/16/1997', 2, '2020-03-31 05:16:24', '2020-03-31 05:16:48', 1),
(720, 'Lemuel', '720', 'lverdeyjz@imgur.com', 'Male', '1/19/2000', 2, '2020-03-31 05:16:24', '2020-03-31 05:16:48', 1),
(721, 'Brock', '721', 'bseckomk0@geocities.jp', 'Male', '10/9/1997', 1, '2020-03-31 05:16:24', '2020-03-31 05:16:48', 1),
(722, 'Vina', '722', 'vkloserk1@eventbrite.com', 'Female', '3/20/2000', 1, '2020-03-31 05:16:24', '2020-03-31 05:16:48', 1),
(723, 'Upton', '723', 'upavick2@umich.edu', 'Male', '8/6/1998', 2, '2020-03-31 05:16:24', '2020-03-31 05:16:48', 1),
(724, 'Ly', '724', 'lturmelk3@joomla.org', 'Male', '6/8/1995', 1, '2020-03-31 05:16:24', '2020-03-31 05:16:48', 1),
(725, 'Bev', '725', 'bbaynhamk4@ebay.com', 'Male', '8/3/1997', 1, '2020-03-31 05:16:24', '2020-03-31 05:16:48', 1),
(726, 'Beryl', '726', 'bboggonk5@ebay.com', 'Female', '10/5/1995', 2, '2020-03-31 05:16:24', '2020-03-31 05:16:48', 1),
(727, 'Annamarie', '727', 'ahaltk6@surveymonkey.com', 'Female', '4/14/1998', 1, '2020-03-31 05:16:24', '2020-03-31 05:16:48', 1),
(728, 'Alysa', '728', 'aeberstk7@google.com.au', 'Female', '10/11/1997', 1, '2020-03-31 05:16:24', '2020-03-31 05:16:48', 1),
(729, 'Earvin', '729', 'emarchantk8@barnesandnoble.com', 'Male', '6/2/1995', 1, '2020-03-31 05:16:24', '2020-03-31 05:16:48', 1),
(730, 'Prince', '730', 'pglendzerk9@illinois.edu', 'Male', '10/30/1996', 2, '2020-03-31 05:16:24', '2020-03-31 05:16:48', 1),
(731, 'Chicky', '731', 'cfrostdickeka@mit.edu', 'Female', '6/3/1997', 1, '2020-03-31 05:16:24', '2020-03-31 05:16:48', 1),
(732, 'Angelika', '732', 'amchalekb@sogou.com', 'Female', '5/19/1995', 2, '2020-03-31 05:16:24', '2020-03-31 05:16:48', 1),
(733, 'Grantley', '733', 'gcaveskc@amazon.co.uk', 'Male', '6/7/1999', 1, '2020-03-31 05:16:24', '2020-03-31 05:16:48', 1),
(734, 'Cherish', '734', 'cfosserdkd@cdc.gov', 'Female', '8/20/1995', 1, '2020-03-31 05:16:24', '2020-03-31 05:16:48', 1),
(735, 'El', '735', 'escroobyke@technorati.com', 'Male', '5/11/1998', 1, '2020-03-31 05:16:24', '2020-03-31 05:16:48', 1),
(736, 'Doris', '736', 'dscaneskf@cmu.edu', 'Female', '9/11/1996', 1, '2020-03-31 05:16:24', '2020-03-31 05:16:48', 1),
(737, 'Christy', '737', 'carkilkg@bandcamp.com', 'Male', '3/3/1998', 2, '2020-03-31 05:16:24', '2020-03-31 05:16:48', 1),
(738, 'Rayna', '738', 'rmathonkh@hibu.com', 'Female', '2/7/1996', 2, '2020-03-31 05:16:24', '2020-03-31 05:16:48', 1),
(739, 'Katti', '739', 'klumberski@behance.net', 'Female', '5/19/1998', 2, '2020-03-31 05:16:24', '2020-03-31 05:16:48', 1),
(740, 'Giacinta', '740', 'gsedgefieldkj@wp.com', 'Female', '12/21/1997', 2, '2020-03-31 05:16:24', '2020-03-31 05:16:48', 1),
(741, 'Amble', '741', 'acansdalekk@plala.or.jp', 'Male', '10/20/1996', 1, '2020-03-31 05:16:24', '2020-03-31 05:16:48', 1),
(742, 'Jule', '742', 'jstilldalekl@sfgate.com', 'Male', '7/24/1995', 2, '2020-03-31 05:16:24', '2020-03-31 05:16:48', 1),
(743, 'Trenton', '743', 'ttitekm@comsenz.com', 'Male', '2/3/2000', 1, '2020-03-31 05:16:24', '2020-03-31 05:16:48', 1),
(744, 'Wyndham', '744', 'wsobtkakn@yahoo.com', 'Male', '3/7/1998', 1, '2020-03-31 05:16:24', '2020-03-31 05:16:48', 1),
(745, 'Earlie', '745', 'emarcinkusko@t-online.de', 'Male', '1/30/1997', 1, '2020-03-31 05:16:24', '2020-03-31 05:16:48', 1),
(746, 'Starlene', '746', 'soshirinekp@illinois.edu', 'Female', '6/1/1999', 2, '2020-03-31 05:16:24', '2020-03-31 05:16:48', 1),
(747, 'Cheryl', '747', 'cwadsworthkq@rediff.com', 'Female', '2/6/2000', 2, '2020-03-31 05:16:24', '2020-03-31 05:16:48', 1),
(748, 'Magdalena', '748', 'mcouchmankr@dailymotion.com', 'Female', '4/2/1999', 1, '2020-03-31 05:16:24', '2020-03-31 05:16:48', 1),
(749, 'Raddy', '749', 'rkaineks@blogger.com', 'Male', '6/26/1998', 2, '2020-03-31 05:16:24', '2020-03-31 05:16:48', 1),
(750, 'Tiphany', '750', 'tseekskt@techcrunch.com', 'Female', '12/4/1998', 1, '2020-03-31 05:16:24', '2020-03-31 05:16:48', 1),
(751, 'Issie', '751', 'iweepersku@icio.us', 'Female', '9/12/1996', 1, '2020-03-31 05:16:24', '2020-03-31 05:16:48', 1),
(752, 'Merwyn', '752', 'mlemmonkv@apple.com', 'Male', '3/10/1999', 2, '2020-03-31 05:16:24', '2020-03-31 05:16:48', 1),
(753, 'Emmit', '753', 'eskpseykw@microsoft.com', 'Male', '3/9/2000', 1, '2020-03-31 05:16:24', '2020-03-31 05:16:48', 1),
(754, 'Bearnard', '754', 'bcrasswellkx@cnn.com', 'Male', '9/21/1999', 2, '2020-03-31 05:16:24', '2020-03-31 05:16:48', 1),
(755, 'Rodina', '755', 'rroozeky@edublogs.org', 'Female', '2/6/1996', 1, '2020-03-31 05:16:24', '2020-03-31 05:16:48', 1),
(756, 'Sandye', '756', 'sthomazetkz@geocities.com', 'Female', '10/31/1998', 2, '2020-03-31 05:16:24', '2020-03-31 05:16:48', 1),
(757, 'Jae', '757', 'jwickendenl0@friendfeed.com', 'Male', '10/7/1996', 2, '2020-03-31 05:16:24', '2020-03-31 05:16:48', 1),
(758, 'Zane', '758', 'zspinksl1@ed.gov', 'Male', '3/1/2000', 1, '2020-03-31 05:16:24', '2020-03-31 05:16:48', 1),
(759, 'Maddalena', '759', 'mdwirel2@g.co', 'Female', '2/25/1999', 1, '2020-03-31 05:16:24', '2020-03-31 05:16:48', 1),
(760, 'Constance', '760', 'craddinl3@w3.org', 'Female', '10/16/1999', 2, '2020-03-31 05:16:24', '2020-03-31 05:16:48', 1),
(761, 'Terri', '761', 'tgrevell4@about.me', 'Female', '3/17/2000', 1, '2020-03-31 05:16:24', '2020-03-31 05:16:48', 1),
(762, 'Veriee', '762', 'vmilksopl5@ezinearticles.com', 'Female', '9/20/1998', 2, '2020-03-31 05:16:24', '2020-03-31 05:16:48', 1),
(763, 'Latrena', '763', 'lcatheryl6@kickstarter.com', 'Female', '4/16/1999', 2, '2020-03-31 05:16:24', '2020-03-31 05:16:48', 1),
(764, 'Duff', '764', 'dyurocjhinl7@artisteer.com', 'Male', '12/12/1997', 2, '2020-03-31 05:16:24', '2020-03-31 05:16:48', 1),
(765, 'Pascal', '765', 'patkinsonl8@blogger.com', 'Male', '1/31/1999', 2, '2020-03-31 05:16:24', '2020-03-31 05:16:48', 1),
(766, 'Dode', '766', 'dmalpassl9@csmonitor.com', 'Female', '4/18/1998', 2, '2020-03-31 05:16:24', '2020-03-31 05:16:48', 1),
(767, 'Weston', '767', 'wgrahlla@rambler.ru', 'Male', '11/14/1999', 2, '2020-03-31 05:16:24', '2020-03-31 05:16:48', 1),
(768, 'Weston', '768', 'wbellerbylb@wikipedia.org', 'Male', '9/21/1997', 1, '2020-03-31 05:16:24', '2020-03-31 05:16:48', 1),
(769, 'Amie', '769', 'ajouanetlc@twitpic.com', 'Female', '1/23/1998', 2, '2020-03-31 05:16:24', '2020-03-31 05:16:48', 1),
(770, 'Elden', '770', 'edasld@i2i.jp', 'Male', '10/23/1995', 2, '2020-03-31 05:16:24', '2020-03-31 05:16:48', 1),
(771, 'Bobine', '771', 'blucle@cyberchimps.com', 'Female', '3/13/1997', 2, '2020-03-31 05:16:24', '2020-03-31 05:16:48', 1),
(772, 'Wit', '772', 'wsymeslf@yellowpages.com', 'Male', '7/28/1999', 2, '2020-03-31 05:16:24', '2020-03-31 05:16:48', 1),
(773, 'Nelle', '773', 'nquinnellylg@lycos.com', 'Female', '5/29/1997', 1, '2020-03-31 05:16:24', '2020-03-31 05:16:48', 1),
(774, 'Cookie', '774', 'cgonthardlh@vimeo.com', 'Female', '11/4/1996', 1, '2020-03-31 05:16:24', '2020-03-31 05:16:48', 1),
(775, 'Fanchette', '775', 'fdoringli@whitehouse.gov', 'Female', '9/20/1998', 1, '2020-03-31 05:16:24', '2020-03-31 05:16:48', 1),
(776, 'Gardener', '776', 'gheadinghamlj@bravesites.com', 'Male', '10/29/1997', 2, '2020-03-31 05:16:24', '2020-03-31 05:16:48', 1),
(777, 'Hugo', '777', 'hreinhardlk@tiny.cc', 'Male', '4/23/1999', 2, '2020-03-31 05:16:24', '2020-03-31 05:16:48', 1),
(778, 'Perceval', '778', 'pdimsdalell@sbwire.com', 'Male', '9/11/1995', 2, '2020-03-31 05:16:24', '2020-03-31 05:16:48', 1),
(779, 'Else', '779', 'ewoodwardlm@nhs.uk', 'Female', '2/2/1998', 1, '2020-03-31 05:16:24', '2020-03-31 05:16:48', 1),
(780, 'Trumann', '780', 'tdixln@economist.com', 'Male', '1/23/1998', 2, '2020-03-31 05:16:24', '2020-03-31 05:16:48', 1),
(781, 'Malvin', '781', 'mgooblelo@craigslist.org', 'Male', '2/14/1997', 1, '2020-03-31 05:16:24', '2020-03-31 05:16:48', 1),
(782, 'Hetti', '782', 'hhagstonlp@last.fm', 'Female', '11/12/1997', 1, '2020-03-31 05:16:24', '2020-03-31 05:16:48', 1),
(783, 'Patric', '783', 'pelstonelq@zimbio.com', 'Male', '4/12/1999', 1, '2020-03-31 05:16:24', '2020-03-31 05:16:48', 1),
(784, 'Melesa', '784', 'mgiabuccilr@lycos.com', 'Female', '8/23/1995', 2, '2020-03-31 05:16:24', '2020-03-31 05:16:48', 1),
(785, 'Jade', '785', 'jmadillls@noaa.gov', 'Female', '4/3/1996', 2, '2020-03-31 05:16:24', '2020-03-31 05:16:48', 1),
(786, 'Ronnie', '786', 'rrawlingslt@yolasite.com', 'Male', '1/24/1997', 2, '2020-03-31 05:16:24', '2020-03-31 05:16:48', 1),
(787, 'Spike', '787', 'ssedenlu@sogou.com', 'Male', '9/7/1998', 2, '2020-03-31 05:16:24', '2020-03-31 05:16:48', 1),
(788, 'Filide', '788', 'fcoppocklv@utexas.edu', 'Female', '7/18/1999', 2, '2020-03-31 05:16:24', '2020-03-31 05:16:48', 1),
(789, 'Basia', '789', 'babadamlw@yelp.com', 'Female', '9/3/1998', 2, '2020-03-31 05:16:24', '2020-03-31 05:16:48', 1),
(790, 'Janenna', '790', 'jpunchlx@fc2.com', 'Female', '1/10/1999', 1, '2020-03-31 05:16:24', '2020-03-31 05:16:48', 1),
(791, 'Domeniga', '791', 'dblacklyly@github.com', 'Female', '5/7/1999', 2, '2020-03-31 05:16:24', '2020-03-31 05:16:48', 1),
(792, 'Donna', '792', 'dblackshawlz@vk.com', 'Female', '9/9/1997', 2, '2020-03-31 05:16:24', '2020-03-31 05:16:48', 1),
(793, 'Fremont', '793', 'fsasserm0@amazon.de', 'Male', '1/4/1996', 1, '2020-03-31 05:16:24', '2020-03-31 05:16:48', 1),
(794, 'Jenine', '794', 'jstaffordm1@domainmarket.com', 'Female', '8/29/1998', 2, '2020-03-31 05:16:24', '2020-03-31 05:16:48', 1),
(795, 'Zora', '795', 'zhesserm2@creativecommons.org', 'Female', '10/7/1996', 1, '2020-03-31 05:16:24', '2020-03-31 05:16:48', 1),
(796, 'Roana', '796', 'rmarklowm3@zimbio.com', 'Female', '3/16/1997', 2, '2020-03-31 05:16:24', '2020-03-31 05:16:48', 1),
(797, 'Paulina', '797', 'pbathm4@wufoo.com', 'Female', '10/21/1998', 1, '2020-03-31 05:16:24', '2020-03-31 05:16:48', 1),
(798, 'Halsy', '798', 'hramm5@free.fr', 'Male', '12/30/1997', 1, '2020-03-31 05:16:24', '2020-03-31 05:16:48', 1),
(799, 'Josephine', '799', 'jsmeallm6@mashable.com', 'Female', '5/12/1995', 2, '2020-03-31 05:16:24', '2020-03-31 05:16:48', 1),
(800, 'Maisie', '800', 'mbesantiem7@hexun.com', 'Female', '10/8/1998', 2, '2020-03-31 05:16:24', '2020-03-31 05:16:48', 1),
(801, 'Olenolin', '801', 'ohuetm8@pen.io', 'Male', '4/16/1997', 1, '2020-03-31 05:16:24', '2020-03-31 05:16:48', 1),
(802, 'Rebe', '802', 'rburressm9@flickr.com', 'Female', '7/10/1997', 2, '2020-03-31 05:16:24', '2020-03-31 05:16:48', 1),
(803, 'Hussein', '803', 'hsteuhlmeyerma@technorati.com', 'Male', '9/21/1999', 2, '2020-03-31 05:16:24', '2020-03-31 05:16:48', 1),
(804, 'Friederike', '804', 'fdinehartmb@microsoft.com', 'Female', '2/21/1996', 2, '2020-03-31 05:16:24', '2020-03-31 05:16:48', 1),
(805, 'Nevsa', '805', 'ncraykermc@deliciousdays.com', 'Female', '10/10/1999', 2, '2020-03-31 05:16:24', '2020-03-31 05:16:48', 1),
(806, 'Stillmann', '806', 'svardymd@dion.ne.jp', 'Male', '7/22/1999', 1, '2020-03-31 05:16:24', '2020-03-31 05:16:48', 1),
(807, 'Isaiah', '807', 'ikleinsteinme@biglobe.ne.jp', 'Male', '2/17/1997', 1, '2020-03-31 05:16:24', '2020-03-31 05:16:48', 1),
(808, 'Jilli', '808', 'jyardmf@spotify.com', 'Female', '11/7/1997', 2, '2020-03-31 05:16:24', '2020-03-31 05:16:48', 1),
(809, 'Guenna', '809', 'gjirekmg@skyrock.com', 'Female', '8/29/1996', 1, '2020-03-31 05:16:24', '2020-03-31 05:16:48', 1),
(810, 'Katharyn', '810', 'kmccarlichmh@studiopress.com', 'Female', '1/9/2000', 2, '2020-03-31 05:16:24', '2020-03-31 05:16:48', 1),
(811, 'Antonietta', '811', 'aadiemi@blogtalkradio.com', 'Female', '6/13/1997', 2, '2020-03-31 05:16:24', '2020-03-31 05:16:48', 1),
(812, 'Frank', '812', 'fbleacklymj@angelfire.com', 'Male', '12/23/1997', 2, '2020-03-31 05:16:24', '2020-03-31 05:16:48', 1),
(813, 'Kinnie', '813', 'kbraidwoodmk@fda.gov', 'Male', '2/19/1997', 2, '2020-03-31 05:16:24', '2020-03-31 05:16:48', 1),
(814, 'Tyrone', '814', 'tmaccorleyml@netscape.com', 'Male', '11/13/1999', 1, '2020-03-31 05:16:24', '2020-03-31 05:16:48', 1),
(815, 'Bertie', '815', 'bnailemm@barnesandnoble.com', 'Male', '6/24/1998', 1, '2020-03-31 05:16:24', '2020-03-31 05:16:48', 1),
(816, 'Marylee', '816', 'mdoswellmn@npr.org', 'Female', '4/7/1998', 2, '2020-03-31 05:16:24', '2020-03-31 05:16:48', 1),
(817, 'Emmerich', '817', 'epaullmo@alibaba.com', 'Male', '1/16/1997', 1, '2020-03-31 05:16:24', '2020-03-31 05:16:48', 1),
(818, 'Pernell', '818', 'pstirlingmp@list-manage.com', 'Male', '6/13/1997', 2, '2020-03-31 05:16:24', '2020-03-31 05:16:48', 1),
(819, 'Chrysler', '819', 'coverillmq@1688.com', 'Female', '11/18/1995', 2, '2020-03-31 05:16:24', '2020-03-31 05:16:48', 1),
(820, 'Carie', '820', 'ctorransmr@cloudflare.com', 'Female', '6/30/1995', 1, '2020-03-31 05:16:24', '2020-03-31 05:16:48', 1),
(821, 'Eugen', '821', 'egleavesms@fema.gov', 'Male', '6/30/1999', 2, '2020-03-31 05:16:24', '2020-03-31 05:16:48', 1);
INSERT INTO `tblstudents` (`StudentId`, `StudentName`, `RollId`, `StudentEmail`, `Gender`, `DOB`, `ClassId`, `RegDate`, `UpdationDate`, `Status`) VALUES
(822, 'Kandy', '822', 'kwhitesidemt@patch.com', 'Female', '11/17/1998', 1, '2020-03-31 05:16:24', '2020-03-31 05:16:48', 1),
(823, 'Alberto', '823', 'acanelasmu@army.mil', 'Male', '5/14/1998', 1, '2020-03-31 05:16:24', '2020-03-31 05:16:48', 1),
(824, 'Dyna', '824', 'dabdonmv@phoca.cz', 'Female', '9/27/1996', 1, '2020-03-31 05:16:24', '2020-03-31 05:16:48', 1),
(825, 'Glenn', '825', 'gmcclaymw@taobao.com', 'Male', '8/21/1999', 2, '2020-03-31 05:16:24', '2020-03-31 05:16:48', 1),
(826, 'Budd', '826', 'brustadgemx@ameblo.jp', 'Male', '11/1/1998', 2, '2020-03-31 05:16:24', '2020-03-31 05:16:48', 1),
(827, 'Dennie', '827', 'dpielemy@typepad.com', 'Female', '3/5/1999', 2, '2020-03-31 05:16:24', '2020-03-31 05:16:48', 1),
(828, 'Brana', '828', 'bbetterissmz@fc2.com', 'Female', '11/20/1995', 2, '2020-03-31 05:16:24', '2020-03-31 05:16:48', 1),
(829, 'Polly', '829', 'psweetnamn0@dailymail.co.uk', 'Female', '9/11/1997', 2, '2020-03-31 05:16:24', '2020-03-31 05:16:48', 1),
(830, 'Smitty', '830', 'sburdenn1@posterous.com', 'Male', '4/11/1998', 2, '2020-03-31 05:16:24', '2020-03-31 05:16:48', 1),
(831, 'Jessamyn', '831', 'jcavyn2@who.int', 'Female', '5/31/1996', 1, '2020-03-31 05:16:24', '2020-03-31 05:16:48', 1),
(832, 'Halley', '832', 'hfiennesn3@google.com.br', 'Female', '7/16/1995', 1, '2020-03-31 05:16:24', '2020-03-31 05:16:48', 1),
(833, 'Puff', '833', 'pboolen4@ucoz.com', 'Male', '3/10/1999', 2, '2020-03-31 05:16:24', '2020-03-31 05:16:48', 1),
(834, 'Ware', '834', 'whatterslayn5@ucoz.com', 'Male', '10/5/1996', 1, '2020-03-31 05:16:24', '2020-03-31 05:16:48', 1),
(835, 'Lydon', '835', 'lpiggensn6@businessweek.com', 'Male', '6/24/1998', 2, '2020-03-31 05:16:24', '2020-03-31 05:16:48', 1),
(836, 'Michal', '836', 'mhospitaln7@guardian.co.uk', 'Female', '10/19/1999', 2, '2020-03-31 05:16:24', '2020-03-31 05:16:48', 1),
(837, 'Nicol', '837', 'nsangn8@google.co.jp', 'Female', '4/28/1995', 2, '2020-03-31 05:16:24', '2020-03-31 05:16:48', 1),
(838, 'Flori', '838', 'fglennien9@sun.com', 'Female', '10/19/1999', 1, '2020-03-31 05:16:24', '2020-03-31 05:16:48', 1),
(839, 'Cristy', '839', 'cstollenbeckna@umich.edu', 'Female', '4/22/1995', 2, '2020-03-31 05:16:24', '2020-03-31 05:16:48', 1),
(840, 'Margit', '840', 'mweitzelnb@tinypic.com', 'Female', '10/1/1995', 1, '2020-03-31 05:16:24', '2020-03-31 05:16:48', 1),
(841, 'Kassey', '841', 'kdunsfordnc@mysql.com', 'Female', '2/11/1999', 2, '2020-03-31 05:16:24', '2020-03-31 05:16:48', 1),
(842, 'Denver', '842', 'dskelhornnd@usda.gov', 'Male', '1/18/1997', 2, '2020-03-31 05:16:24', '2020-03-31 05:16:48', 1),
(843, 'Jabez', '843', 'jiacavonene@soundcloud.com', 'Male', '7/21/1996', 2, '2020-03-31 05:16:24', '2020-03-31 05:16:48', 1),
(844, 'Jean', '844', 'jbrozssetnf@gravatar.com', 'Female', '9/26/1997', 1, '2020-03-31 05:16:24', '2020-03-31 05:16:48', 1),
(845, 'Steffane', '845', 'sgerishng@addthis.com', 'Female', '6/10/1997', 2, '2020-03-31 05:16:24', '2020-03-31 05:16:48', 1),
(846, 'Luci', '846', 'lgregolinh@reverbnation.com', 'Female', '4/25/1996', 1, '2020-03-31 05:16:24', '2020-03-31 05:16:48', 1),
(847, 'Morris', '847', 'meymorni@yale.edu', 'Male', '11/20/1997', 1, '2020-03-31 05:16:24', '2020-03-31 05:16:48', 1),
(848, 'Cicely', '848', 'cgoalbynj@utexas.edu', 'Female', '3/6/1998', 2, '2020-03-31 05:16:24', '2020-03-31 05:16:48', 1),
(849, 'Friedrick', '849', 'fansteenk@uol.com.br', 'Male', '10/17/1999', 1, '2020-03-31 05:16:24', '2020-03-31 05:16:48', 1),
(850, 'Mirella', '850', 'munionnl@wired.com', 'Female', '10/17/1998', 1, '2020-03-31 05:16:24', '2020-03-31 05:16:48', 1),
(851, 'Filip', '851', 'flatournm@networkadvertising.org', 'Male', '1/26/1996', 1, '2020-03-31 05:16:24', '2020-03-31 05:16:48', 1),
(852, 'Anders', '852', 'alyokhinnn@scientificamerican.com', 'Male', '4/23/1996', 1, '2020-03-31 05:16:24', '2020-03-31 05:16:48', 1),
(853, 'Tim', '853', 'triccioppono@ftc.gov', 'Female', '5/20/1997', 2, '2020-03-31 05:16:24', '2020-03-31 05:16:48', 1),
(854, 'Benjy', '854', 'bhollingsheadnp@independent.co.uk', 'Male', '6/12/1996', 2, '2020-03-31 05:16:24', '2020-03-31 05:16:48', 1),
(855, 'Clayborne', '855', 'cfeastnq@youtu.be', 'Male', '3/11/1997', 2, '2020-03-31 05:16:24', '2020-03-31 05:16:48', 1),
(856, 'Diana', '856', 'dathersmithnr@dailymotion.com', 'Female', '10/9/1995', 2, '2020-03-31 05:16:24', '2020-03-31 05:16:48', 1),
(857, 'Rodolfo', '857', 'rdomeganns@123-reg.co.uk', 'Male', '6/26/1999', 2, '2020-03-31 05:16:24', '2020-03-31 05:16:48', 1),
(858, 'Bertie', '858', 'bgilhoolnt@census.gov', 'Female', '4/23/1995', 1, '2020-03-31 05:16:24', '2020-03-31 05:16:48', 1),
(859, 'Sonny', '859', 'ssanperenu@blog.com', 'Female', '11/17/1997', 1, '2020-03-31 05:16:24', '2020-03-31 05:16:48', 1),
(860, 'Richart', '860', 'rkleinsternnv@nih.gov', 'Male', '9/8/1998', 1, '2020-03-31 05:16:24', '2020-03-31 05:16:48', 1),
(861, 'Clayton', '861', 'cgydenw@discuz.net', 'Male', '12/22/1996', 1, '2020-03-31 05:16:24', '2020-03-31 05:16:48', 1),
(862, 'Brittan', '862', 'bspeirnx@howstuffworks.com', 'Female', '11/19/1997', 2, '2020-03-31 05:16:24', '2020-03-31 05:16:48', 1),
(863, 'Zeke', '863', 'zrameletny@mediafire.com', 'Male', '5/5/1999', 1, '2020-03-31 05:16:24', '2020-03-31 05:16:48', 1),
(864, 'Kiel', '864', 'kcominz@va.gov', 'Male', '11/19/1997', 1, '2020-03-31 05:16:24', '2020-03-31 05:16:48', 1),
(865, 'Gaylord', '865', 'gschukerto0@weather.com', 'Male', '10/7/1996', 2, '2020-03-31 05:16:24', '2020-03-31 05:16:48', 1),
(866, 'Filippa', '866', 'fdandyo1@china.com.cn', 'Female', '12/20/1997', 1, '2020-03-31 05:16:24', '2020-03-31 05:16:48', 1),
(867, 'Courtnay', '867', 'carneyo2@forbes.com', 'Female', '4/14/1999', 1, '2020-03-31 05:16:24', '2020-03-31 05:16:48', 1),
(868, 'Sashenka', '868', 'sborneo3@un.org', 'Female', '10/29/1998', 2, '2020-03-31 05:16:24', '2020-03-31 05:16:48', 1),
(869, 'Domenico', '869', 'dcressaro4@mit.edu', 'Male', '4/8/1997', 2, '2020-03-31 05:16:24', '2020-03-31 05:16:48', 1),
(870, 'Aloisia', '870', 'amcalestero5@purevolume.com', 'Female', '10/17/1996', 1, '2020-03-31 05:16:24', '2020-03-31 05:16:48', 1),
(871, 'Natka', '871', 'nfishwicko6@dyndns.org', 'Female', '10/7/1997', 1, '2020-03-31 05:16:24', '2020-03-31 05:16:48', 1),
(872, 'Neile', '872', 'ndancyo7@opera.com', 'Female', '10/19/1996', 1, '2020-03-31 05:16:24', '2020-03-31 05:16:48', 1),
(873, 'Irma', '873', 'iblagburno8@biblegateway.com', 'Female', '3/24/1999', 2, '2020-03-31 05:16:24', '2020-03-31 05:16:48', 1),
(874, 'Conn', '874', 'cpendreo9@google.com', 'Male', '4/3/1998', 2, '2020-03-31 05:16:24', '2020-03-31 05:16:48', 1),
(875, 'Tierney', '875', 'tludlemoa@nytimes.com', 'Female', '2/18/1997', 1, '2020-03-31 05:16:24', '2020-03-31 05:16:48', 1),
(876, 'Erek', '876', 'esibrayob@cdbaby.com', 'Male', '7/21/1996', 2, '2020-03-31 05:16:24', '2020-03-31 05:16:48', 1),
(877, 'Levy', '877', 'laskewoc@unc.edu', 'Male', '7/28/1998', 2, '2020-03-31 05:16:24', '2020-03-31 05:16:48', 1),
(878, 'Randie', '878', 'rhardernod@uol.com.br', 'Male', '2/16/1999', 1, '2020-03-31 05:16:24', '2020-03-31 05:16:48', 1),
(879, 'Benn', '879', 'bbarringtonoe@odnoklassniki.ru', 'Male', '7/21/1999', 2, '2020-03-31 05:16:24', '2020-03-31 05:16:48', 1),
(880, 'Garwin', '880', 'gtabardof@chron.com', 'Male', '4/6/1998', 2, '2020-03-31 05:16:24', '2020-03-31 05:16:48', 1),
(881, 'Rosaline', '881', 'rfredaog@thetimes.co.uk', 'Female', '2/15/2000', 1, '2020-03-31 05:16:24', '2020-03-31 05:16:48', 1),
(882, 'Kahaleel', '882', 'kladdoh@wix.com', 'Male', '10/15/1997', 1, '2020-03-31 05:16:24', '2020-03-31 05:16:48', 1),
(883, 'Papagena', '883', 'pfenixoi@dagondesign.com', 'Female', '2/26/1998', 2, '2020-03-31 05:16:24', '2020-03-31 05:16:48', 1),
(884, 'Idalia', '884', 'iroostanoj@1688.com', 'Female', '6/25/1997', 1, '2020-03-31 05:16:24', '2020-03-31 05:16:48', 1),
(885, 'Isak', '885', 'ipeschkeok@usnews.com', 'Male', '8/8/1999', 2, '2020-03-31 05:16:24', '2020-03-31 05:16:48', 1),
(886, 'Melisent', '886', 'mmcmahonol@de.vu', 'Female', '4/28/1999', 2, '2020-03-31 05:16:24', '2020-03-31 05:16:48', 1),
(887, 'Kathe', '887', 'kramshawom@cbc.ca', 'Female', '4/20/1995', 2, '2020-03-31 05:16:24', '2020-03-31 05:16:48', 1),
(888, 'Waneta', '888', 'wbagoton@ucla.edu', 'Female', '4/24/1999', 1, '2020-03-31 05:16:24', '2020-03-31 05:16:48', 1),
(889, 'Rosa', '889', 'rdyballoo@odnoklassniki.ru', 'Female', '11/14/1996', 1, '2020-03-31 05:16:24', '2020-03-31 05:16:48', 1),
(890, 'Tally', '890', 'tmaberleyop@geocities.com', 'Male', '6/27/1997', 1, '2020-03-31 05:16:24', '2020-03-31 05:16:48', 1),
(891, 'Marie-jeanne', '891', 'mjulianooq@rediff.com', 'Female', '2/16/1996', 1, '2020-03-31 05:16:24', '2020-03-31 05:16:48', 1),
(892, 'Tom', '892', 'tlongbothomor@hhs.gov', 'Male', '6/29/1998', 1, '2020-03-31 05:16:24', '2020-03-31 05:16:48', 1),
(893, 'Dag', '893', 'drickarseyos@barnesandnoble.com', 'Male', '1/12/1998', 2, '2020-03-31 05:16:24', '2020-03-31 05:16:48', 1),
(894, 'Dotty', '894', 'dcoolingot@cnbc.com', 'Female', '12/22/1997', 2, '2020-03-31 05:16:24', '2020-03-31 05:16:48', 1),
(895, 'Willa', '895', 'whansellou@un.org', 'Female', '1/29/1998', 2, '2020-03-31 05:16:24', '2020-03-31 05:16:48', 1),
(896, 'Alyss', '896', 'ajohnysov@globo.com', 'Female', '8/11/1996', 2, '2020-03-31 05:16:24', '2020-03-31 05:16:48', 1),
(897, 'Tuesday', '897', 'ttremethackow@europa.eu', 'Female', '3/30/1999', 2, '2020-03-31 05:16:24', '2020-03-31 05:16:48', 1),
(898, 'Tuesday', '898', 'tarangyox@live.com', 'Female', '11/21/1999', 1, '2020-03-31 05:16:24', '2020-03-31 05:16:48', 1),
(899, 'Waverly', '899', 'wgirlingoy@unblog.fr', 'Male', '8/27/1999', 1, '2020-03-31 05:16:24', '2020-03-31 05:16:48', 1),
(900, 'Brande', '900', 'bakroydoz@google.co.jp', 'Female', '11/8/1999', 2, '2020-03-31 05:16:24', '2020-03-31 05:16:48', 1),
(901, 'Evvy', '901', 'eyousterp0@irs.gov', 'Female', '8/23/1998', 1, '2020-03-31 05:16:24', '2020-03-31 05:16:48', 1),
(902, 'Ettie', '902', 'ereddecliffep1@gravatar.com', 'Female', '12/27/1997', 1, '2020-03-31 05:16:24', '2020-03-31 05:16:48', 1),
(903, 'Joscelin', '903', 'jmcpikep2@hud.gov', 'Female', '1/31/1999', 1, '2020-03-31 05:16:24', '2020-03-31 05:16:48', 1),
(904, 'Gibbie', '904', 'gelesanderp3@ucoz.com', 'Male', '12/25/1995', 2, '2020-03-31 05:16:24', '2020-03-31 05:16:48', 1),
(905, 'Pooh', '905', 'pkaasmanp4@behance.net', 'Male', '10/30/1998', 2, '2020-03-31 05:16:24', '2020-03-31 05:16:48', 1),
(906, 'Angy', '906', 'alavertyp5@google.nl', 'Female', '10/30/1998', 2, '2020-03-31 05:16:24', '2020-03-31 05:16:48', 1),
(907, 'Husain', '907', 'hbouzekp6@histats.com', 'Male', '8/6/1996', 2, '2020-03-31 05:16:24', '2020-03-31 05:16:48', 1),
(908, 'Aguistin', '908', 'apooltonp7@census.gov', 'Male', '5/22/1999', 1, '2020-03-31 05:16:24', '2020-03-31 05:16:48', 1),
(909, 'Marchelle', '909', 'mbrosiusp8@nyu.edu', 'Female', '4/22/1996', 2, '2020-03-31 05:16:24', '2020-03-31 05:16:48', 1),
(910, 'Pammi', '910', 'pfergusonp9@icq.com', 'Female', '3/19/1998', 1, '2020-03-31 05:16:24', '2020-03-31 05:16:48', 1),
(911, 'Norry', '911', 'njoesburypa@nationalgeographic.com', 'Male', '10/31/1996', 1, '2020-03-31 05:16:24', '2020-03-31 05:16:48', 1),
(912, 'Rosette', '912', 'rtollitpb@sitemeter.com', 'Female', '1/10/2000', 2, '2020-03-31 05:16:24', '2020-03-31 05:16:48', 1),
(913, 'Mable', '913', 'mswindellspc@yolasite.com', 'Female', '4/25/1998', 2, '2020-03-31 05:16:24', '2020-03-31 05:16:48', 1),
(914, 'Eryn', '914', 'ebeamondpd@ow.ly', 'Female', '4/28/1995', 2, '2020-03-31 05:16:24', '2020-03-31 05:16:48', 1),
(915, 'Bibby', '915', 'btrowelpe@so-net.ne.jp', 'Female', '6/5/1999', 2, '2020-03-31 05:16:24', '2020-03-31 05:16:48', 1),
(916, 'Esther', '916', 'earonsohnpf@icq.com', 'Female', '8/26/1999', 1, '2020-03-31 05:16:24', '2020-03-31 05:16:48', 1),
(917, 'Dario', '917', 'dkitherpg@narod.ru', 'Male', '11/18/1999', 1, '2020-03-31 05:16:24', '2020-03-31 05:16:48', 1),
(918, 'Marcos', '918', 'mmariyushkinph@timesonline.co.uk', 'Male', '6/30/1998', 1, '2020-03-31 05:16:24', '2020-03-31 05:16:48', 1),
(919, 'Job', '919', 'jmarzellepi@so-net.ne.jp', 'Male', '12/12/1999', 2, '2020-03-31 05:16:24', '2020-03-31 05:16:48', 1),
(920, 'Abba', '920', 'athayrepj@weebly.com', 'Male', '10/17/1995', 2, '2020-03-31 05:16:24', '2020-03-31 05:16:48', 1),
(921, 'Laurianne', '921', 'ltrickettpk@furl.net', 'Female', '10/25/1999', 2, '2020-03-31 05:16:24', '2020-03-31 05:16:48', 1),
(922, 'Alexa', '922', 'asancraftpl@fda.gov', 'Female', '3/31/1995', 2, '2020-03-31 05:16:24', '2020-03-31 05:16:48', 1),
(923, 'Ronalda', '923', 'rquereepm@360.cn', 'Female', '2/16/1999', 1, '2020-03-31 05:16:24', '2020-03-31 05:16:48', 1),
(924, 'Maurise', '924', 'mrhyspn@youtube.com', 'Male', '9/16/1997', 2, '2020-03-31 05:16:24', '2020-03-31 05:16:48', 1),
(925, 'Catherine', '925', 'ctremblepo@rambler.ru', 'Female', '9/30/1999', 2, '2020-03-31 05:16:24', '2020-03-31 05:16:48', 1),
(926, 'Bruno', '926', 'bmaruskapp@e-recht24.de', 'Male', '1/19/1997', 2, '2020-03-31 05:16:24', '2020-03-31 05:16:48', 1),
(927, 'Leonhard', '927', 'lbogartpq@furl.net', 'Male', '10/4/1996', 2, '2020-03-31 05:16:24', '2020-03-31 05:16:48', 1),
(928, 'Annmarie', '928', 'acripspr@xing.com', 'Female', '8/14/1995', 2, '2020-03-31 05:16:24', '2020-03-31 05:16:48', 1),
(929, 'Samara', '929', 'slevaneps@mit.edu', 'Female', '11/22/1997', 2, '2020-03-31 05:16:24', '2020-03-31 05:16:48', 1),
(930, 'Alexine', '930', 'abollispt@dell.com', 'Female', '5/14/1996', 1, '2020-03-31 05:16:24', '2020-03-31 05:16:48', 1),
(931, 'Brander', '931', 'btourrypu@patch.com', 'Male', '4/3/1999', 2, '2020-03-31 05:16:24', '2020-03-31 05:16:48', 1),
(932, 'Hanan', '932', 'halabastarpv@ycombinator.com', 'Male', '6/11/1996', 2, '2020-03-31 05:16:24', '2020-03-31 05:16:48', 1),
(933, 'Nelia', '933', 'nayllettpw@lulu.com', 'Female', '6/28/1999', 1, '2020-03-31 05:16:24', '2020-03-31 05:16:48', 1),
(934, 'Appolonia', '934', 'afronekpx@tinypic.com', 'Female', '12/5/1998', 2, '2020-03-31 05:16:24', '2020-03-31 05:16:48', 1),
(935, 'Rod', '935', 'rstrapppy@meetup.com', 'Male', '12/6/1996', 2, '2020-03-31 05:16:24', '2020-03-31 05:16:48', 1),
(936, 'Ursa', '936', 'uetheringtonpz@studiopress.com', 'Female', '12/21/1999', 1, '2020-03-31 05:16:24', '2020-03-31 05:16:48', 1),
(937, 'Emmott', '937', 'egodlyq0@bbb.org', 'Male', '10/22/1998', 1, '2020-03-31 05:16:24', '2020-03-31 05:16:48', 1),
(938, 'Liane', '938', 'lbeddieq1@forbes.com', 'Female', '11/2/1998', 1, '2020-03-31 05:16:24', '2020-03-31 05:16:48', 1),
(939, 'Velma', '939', 'vsorsbieq2@plala.or.jp', 'Female', '6/8/1997', 2, '2020-03-31 05:16:24', '2020-03-31 05:16:48', 1),
(940, 'Laurella', '940', 'lrubegaq3@fema.gov', 'Female', '12/28/1999', 2, '2020-03-31 05:16:24', '2020-03-31 05:16:48', 1),
(941, 'Emilia', '941', 'eroundtreeq4@boston.com', 'Female', '3/29/1996', 1, '2020-03-31 05:16:24', '2020-03-31 05:16:48', 1),
(942, 'Norean', '942', 'ngarveyq5@blogtalkradio.com', 'Female', '8/18/1995', 1, '2020-03-31 05:16:24', '2020-03-31 05:16:48', 1),
(943, 'Leonard', '943', 'lmckerronq6@sphinn.com', 'Male', '10/13/1998', 1, '2020-03-31 05:16:24', '2020-03-31 05:16:48', 1),
(944, 'Jeanie', '944', 'jbillitteriq7@fastcompany.com', 'Female', '12/7/1995', 1, '2020-03-31 05:16:24', '2020-03-31 05:16:48', 1),
(945, 'Arley', '945', 'achestneyq8@unicef.org', 'Male', '2/7/2000', 2, '2020-03-31 05:16:24', '2020-03-31 05:16:48', 1),
(946, 'Lon', '946', 'lsettleq9@feedburner.com', 'Male', '9/20/1999', 2, '2020-03-31 05:16:24', '2020-03-31 05:16:48', 1),
(947, 'Melonie', '947', 'mdanilishinqa@booking.com', 'Female', '9/17/1995', 2, '2020-03-31 05:16:24', '2020-03-31 05:16:48', 1),
(948, 'Parsifal', '948', 'pheinritzqb@si.edu', 'Male', '2/27/2000', 2, '2020-03-31 05:16:24', '2020-03-31 05:16:48', 1),
(949, 'Saraann', '949', 'smcgauhyqc@yahoo.com', 'Female', '5/24/1996', 1, '2020-03-31 05:16:24', '2020-03-31 05:16:48', 1),
(950, 'Genovera', '950', 'gvasinqd@dell.com', 'Female', '12/25/1999', 1, '2020-03-31 05:16:24', '2020-03-31 05:16:48', 1),
(951, 'Clevey', '951', 'ccrehanqe@amazon.de', 'Male', '4/27/1997', 2, '2020-03-31 05:16:24', '2020-03-31 05:16:48', 1),
(952, 'Dex', '952', 'dmanifoldqf@themeforest.net', 'Male', '7/18/1999', 1, '2020-03-31 05:16:24', '2020-03-31 05:16:48', 1),
(953, 'Miof mela', '953', 'mphilipsonqg@unc.edu', 'Female', '9/29/1997', 1, '2020-03-31 05:16:24', '2020-03-31 05:16:48', 1),
(954, 'Salim', '954', 'skochelqh@facebook.com', 'Male', '2/9/1996', 1, '2020-03-31 05:16:24', '2020-03-31 05:16:48', 1),
(955, 'Killie', '955', 'kwoolhouseqi@archive.org', 'Male', '11/4/1999', 2, '2020-03-31 05:16:24', '2020-03-31 05:16:48', 1),
(956, 'Lawton', '956', 'lbennyqj@cpanel.net', 'Male', '6/6/1999', 1, '2020-03-31 05:16:24', '2020-03-31 05:16:48', 1),
(957, 'Cad', '957', 'clamportqk@trellian.com', 'Male', '10/8/1996', 2, '2020-03-31 05:16:24', '2020-03-31 05:16:48', 1),
(958, 'Victoria', '958', 'vgauchierql@google.de', 'Female', '8/1/1996', 2, '2020-03-31 05:16:24', '2020-03-31 05:16:48', 1),
(959, 'Sydel', '959', 'srobardeyqm@cam.ac.uk', 'Female', '1/16/2000', 2, '2020-03-31 05:16:24', '2020-03-31 05:16:48', 1),
(960, 'Virgil', '960', 'vquilliamqn@github.com', 'Male', '1/2/1998', 2, '2020-03-31 05:16:24', '2020-03-31 05:16:48', 1),
(961, 'Lammond', '961', 'lwickrathqo@zdnet.com', 'Male', '2/8/1998', 1, '2020-03-31 05:16:24', '2020-03-31 05:16:48', 1),
(962, 'Heindrick', '962', 'hthurnhamqp@bbb.org', 'Male', '1/8/1997', 1, '2020-03-31 05:16:24', '2020-03-31 05:16:48', 1),
(963, 'Arthur', '963', 'abaynamqq@nyu.edu', 'Male', '1/16/1997', 2, '2020-03-31 05:16:24', '2020-03-31 05:16:48', 1),
(964, 'Margalo', '964', 'mwingerqr@mediafire.com', 'Female', '2/2/1996', 2, '2020-03-31 05:16:24', '2020-03-31 05:16:48', 1),
(965, 'Octavius', '965', 'opurryqs@bloglovin.com', 'Male', '7/3/1995', 1, '2020-03-31 05:16:24', '2020-03-31 05:16:48', 1),
(966, 'Carter', '966', 'csneddenqt@bloglines.com', 'Male', '1/15/1999', 1, '2020-03-31 05:16:24', '2020-03-31 05:16:48', 1),
(967, 'Nikolia', '967', 'ngokesqu@barnesandnoble.com', 'Female', '5/25/1998', 2, '2020-03-31 05:16:24', '2020-03-31 05:16:48', 1),
(968, 'Johannes', '968', 'jtozerqv@vistaprint.com', 'Male', '12/6/1995', 1, '2020-03-31 05:16:24', '2020-03-31 05:16:48', 1),
(969, 'Nilson', '969', 'nlambswoodqw@vistaprint.com', 'Male', '6/28/1997', 1, '2020-03-31 05:16:24', '2020-03-31 05:16:48', 1),
(970, 'Guillema', '970', 'gdollenqx@google.fr', 'Female', '8/11/1995', 2, '2020-03-31 05:16:24', '2020-03-31 05:16:48', 1),
(971, 'Quent', '971', 'qscortonqy@statcounter.com', 'Male', '10/11/1995', 1, '2020-03-31 05:16:24', '2020-03-31 05:16:48', 1),
(972, 'Worth', '972', 'wpiccardqz@scientificamerican.com', 'Male', '7/10/1995', 1, '2020-03-31 05:16:24', '2020-03-31 05:16:48', 1),
(973, 'Diann', '973', 'dmccrumr0@altervista.org', 'Female', '9/15/1995', 1, '2020-03-31 05:16:24', '2020-03-31 05:16:48', 1),
(974, 'Noak', '974', 'nbragerr1@geocities.com', 'Male', '6/20/1999', 1, '2020-03-31 05:16:24', '2020-03-31 05:16:48', 1),
(975, 'Lurlene', '975', 'lzecchettir2@boston.com', 'Female', '12/28/1999', 2, '2020-03-31 05:16:24', '2020-03-31 05:16:48', 1),
(976, 'Cletis', '976', 'ctybaltr3@example.com', 'Male', '2/3/1996', 1, '2020-03-31 05:16:24', '2020-03-31 05:16:48', 1),
(977, 'Lauree', '977', 'lmccomber4@walmart.com', 'Female', '9/6/1998', 2, '2020-03-31 05:16:24', '2020-03-31 05:16:48', 1),
(978, 'Gonzalo', '978', 'gcallesr5@privacy.gov.au', 'Male', '1/6/2000', 2, '2020-03-31 05:16:24', '2020-03-31 05:16:48', 1),
(979, 'Kissee', '979', 'kbrickr6@oaic.gov.au', 'Female', '9/9/1999', 2, '2020-03-31 05:16:24', '2020-03-31 05:16:48', 1),
(980, 'Katharina', '980', 'kgreenleesr7@ox.ac.uk', 'Female', '4/21/1996', 2, '2020-03-31 05:16:24', '2020-03-31 05:16:48', 1),
(981, 'Tedd', '981', 'tmacandreisr8@mysql.com', 'Male', '3/27/1997', 1, '2020-03-31 05:16:24', '2020-03-31 05:16:48', 1),
(982, 'Emelda', '982', 'ewheatcroftr9@ask.com', 'Female', '10/16/1998', 1, '2020-03-31 05:16:24', '2020-03-31 05:16:48', 1),
(983, 'Anett', '983', 'aaskewra@who.int', 'Female', '8/19/1999', 2, '2020-03-31 05:16:24', '2020-03-31 05:16:48', 1),
(984, 'Alaine', '984', 'afearnsidesrb@narod.ru', 'Female', '8/8/1996', 1, '2020-03-31 05:16:24', '2020-03-31 05:16:48', 1),
(985, 'Ludovika', '985', 'lboothroydrc@multiply.com', 'Female', '6/1/1998', 2, '2020-03-31 05:16:24', '2020-03-31 05:16:48', 1),
(986, 'Ravi', '986', 'rcreffeildrd@engadget.com', 'Male', '12/23/1995', 1, '2020-03-31 05:16:24', '2020-03-31 05:16:48', 1),
(987, 'Boyce', '987', 'bmccotterre@oakley.com', 'Male', '7/1/1997', 1, '2020-03-31 05:16:24', '2020-03-31 05:16:48', 1),
(988, 'Dore', '988', 'dasberyrf@salon.com', 'Male', '7/19/1998', 1, '2020-03-31 05:16:24', '2020-03-31 05:16:48', 1),
(989, 'Normy', '989', 'nfranzottorg@mediafire.com', 'Male', '11/29/1999', 2, '2020-03-31 05:16:24', '2020-03-31 05:16:48', 1),
(990, 'Honey', '990', 'hgureryrh@reverbnation.com', 'Female', '5/24/1998', 2, '2020-03-31 05:16:24', '2020-03-31 05:16:48', 1),
(991, 'Gerianne', '991', 'ggrimolbieri@soundcloud.com', 'Female', '4/26/1999', 2, '2020-03-31 05:16:24', '2020-03-31 05:16:48', 1),
(992, 'Zak', '992', 'zjermyrj@live.com', 'Male', '9/14/1998', 2, '2020-03-31 05:16:24', '2020-03-31 05:16:48', 1),
(993, 'Brock', '993', 'bmaneylawsrk@people.com.cn', 'Male', '9/9/1997', 1, '2020-03-31 05:16:24', '2020-03-31 05:16:48', 1),
(994, 'Hamel', '994', 'hslevinrl@businessweek.com', 'Male', '11/22/1996', 2, '2020-03-31 05:16:24', '2020-03-31 05:16:48', 1),
(995, 'Mayor', '995', 'msakinsrm@youtube.com', 'Male', '4/24/1999', 1, '2020-03-31 05:16:24', '2020-03-31 05:16:48', 1),
(996, 'Baxter', '996', 'brawlsrn@google.com.hk', 'Male', '6/10/1995', 1, '2020-03-31 05:16:24', '2020-03-31 05:16:48', 1),
(997, 'Lucais', '997', 'ladamovskyro@tiny.cc', 'Male', '3/20/1998', 1, '2020-03-31 05:16:24', '2020-03-31 05:16:48', 1),
(998, 'Jackie', '998', 'jcawkwellrp@domainmarket.com', 'Male', '11/3/1996', 2, '2020-03-31 05:16:24', '2020-03-31 05:16:48', 1),
(999, 'Hymie', '999', 'hpetraccorq@diigo.com', 'Male', '2/10/1997', 2, '2020-03-31 05:16:24', '2020-03-31 05:16:48', 1),
(1001, 'shivamkumar', '1000', NULL, NULL, NULL, 1, '2020-03-31 05:46:39', NULL, 1),
(1002, 'sss', '6565', NULL, 'Male', NULL, 1, '2020-04-01 09:06:31', NULL, 1),
(1003, 'shiiii', '991991', NULL, 'Male', NULL, 1, '2020-04-01 10:12:49', NULL, 1);

-- --------------------------------------------------------

--
-- Table structure for table `tblsubjectcombination`
--

CREATE TABLE `tblsubjectcombination` (
  `id` int(11) NOT NULL,
  `ClassId` int(11) DEFAULT NULL,
  `SubjectId` int(11) DEFAULT NULL,
  `status` int(1) DEFAULT NULL,
  `CreationDate` timestamp NULL DEFAULT current_timestamp(),
  `Updationdate` timestamp NULL DEFAULT NULL ON UPDATE current_timestamp()
) ENGINE=InnoDB DEFAULT CHARSET=latin1;

--
-- Dumping data for table `tblsubjectcombination`
--

INSERT INTO `tblsubjectcombination` (`id`, `ClassId`, `SubjectId`, `status`, `CreationDate`, `Updationdate`) VALUES
(3, 2, 5, 1, '2017-06-07 11:16:56', '2017-06-07 11:16:56'),
(4, 1, 2, 1, '2017-06-12 06:46:32', '2017-06-12 06:46:32'),
(5, 1, 4, 1, '2017-06-12 06:46:35', '2017-06-12 06:46:35'),
(6, 1, 5, 1, '2017-06-12 06:46:40', '2017-06-12 06:46:40'),
(8, 4, 4, 1, '2017-08-26 03:21:27', '2017-08-26 03:21:27'),
(10, 4, 1, 1, '2017-08-26 03:22:05', '2017-08-26 03:22:05'),
(12, 4, 2, 1, '2017-08-26 03:22:15', '2017-08-26 03:22:15'),
(13, 4, 5, 1, '2017-08-26 03:22:20', '2017-08-26 03:22:20'),
(14, 6, 1, 1, '2017-08-28 18:44:06', '2017-08-28 18:44:06'),
(15, 6, 2, 1, '2017-08-28 18:44:12', '2017-08-28 18:44:12'),
(16, 6, 4, 1, '2017-08-28 18:44:18', '2017-08-28 18:44:18'),
(17, 6, 6, 1, '2017-08-28 18:44:23', '2017-08-28 18:44:23'),
(18, 7, 1, 1, '2017-08-28 18:53:12', '2017-08-28 18:53:12'),
(19, 7, 7, 1, '2017-08-28 18:53:19', '2017-08-28 18:53:19'),
(20, 7, 2, 1, '2017-08-28 18:53:38', '2017-08-28 18:53:38'),
(21, 7, 6, 1, '2017-08-28 18:53:44', '2017-08-28 18:53:44'),
(22, 7, 5, 0, '2017-08-28 18:53:50', '2017-08-28 18:53:50'),
(23, 8, 1, 1, '2017-08-28 19:22:25', '2017-08-28 19:22:25'),
(24, 8, 2, 1, '2017-08-28 19:22:31', '2017-08-28 19:22:31'),
(25, 8, 4, 1, '2017-08-28 19:22:36', '2017-08-28 19:22:36'),
(26, 8, 6, 1, '2017-08-28 19:22:42', '2017-08-28 19:22:42'),
(27, 8, 5, 0, '2017-08-28 19:22:47', '2017-08-28 19:22:47');

-- --------------------------------------------------------

--
-- Table structure for table `tblsubjects`
--

CREATE TABLE `tblsubjects` (
  `id` int(11) NOT NULL,
  `SubjectName` varchar(100) NOT NULL,
  `SubjectCode` varchar(100) DEFAULT NULL,
  `Creationdate` timestamp NULL DEFAULT current_timestamp(),
  `UpdationDate` timestamp NULL DEFAULT NULL
) ENGINE=InnoDB DEFAULT CHARSET=latin1;

--
-- Dumping data for table `tblsubjects`
--

INSERT INTO `tblsubjects` (`id`, `SubjectName`, `SubjectCode`, `Creationdate`, `UpdationDate`) VALUES
(1, 'Maths', 'MTH01', '2017-06-07 09:23:57', '2017-06-07 09:46:54'),
(2, 'English', 'ENG11', '2017-06-07 09:24:25', '0000-00-00 00:00:00'),
(4, 'Science', 'SC1', '2017-06-07 09:36:15', '0000-00-00 00:00:00'),
(5, 'Music', 'MS', '2017-06-07 09:36:23', '0000-00-00 00:00:00'),
(6, 'Social Studies', 'SS08', '2017-08-28 18:43:29', '2017-08-28 18:43:45'),
(7, 'Physics', 'PH03', '2017-08-28 18:52:41', '2017-08-28 18:52:55'),
(8, 'Chemistry', 'CH65', '2017-08-28 19:21:46', '2017-08-28 19:22:14');

--
-- Indexes for dumped tables
--

--
-- Indexes for table `admin`
--
ALTER TABLE `admin`
  ADD PRIMARY KEY (`id`);

--
-- Indexes for table `tblclasses`
--
ALTER TABLE `tblclasses`
  ADD PRIMARY KEY (`id`);

--
-- Indexes for table `tblresult`
--
ALTER TABLE `tblresult`
  ADD PRIMARY KEY (`id`);

--
-- Indexes for table `tblstudents`
--
ALTER TABLE `tblstudents`
  ADD PRIMARY KEY (`StudentId`);

--
-- Indexes for table `tblsubjectcombination`
--
ALTER TABLE `tblsubjectcombination`
  ADD PRIMARY KEY (`id`);

--
-- Indexes for table `tblsubjects`
--
ALTER TABLE `tblsubjects`
  ADD PRIMARY KEY (`id`);

--
-- AUTO_INCREMENT for dumped tables
--

--
-- AUTO_INCREMENT for table `admin`
--
ALTER TABLE `admin`
  MODIFY `id` int(11) NOT NULL AUTO_INCREMENT, AUTO_INCREMENT=2;

--
-- AUTO_INCREMENT for table `tblclasses`
--
ALTER TABLE `tblclasses`
  MODIFY `id` int(11) NOT NULL AUTO_INCREMENT, AUTO_INCREMENT=9;

--
-- AUTO_INCREMENT for table `tblresult`
--
ALTER TABLE `tblresult`
  MODIFY `id` int(11) NOT NULL AUTO_INCREMENT, AUTO_INCREMENT=20;

--
-- AUTO_INCREMENT for table `tblstudents`
--
ALTER TABLE `tblstudents`
  MODIFY `StudentId` int(11) NOT NULL AUTO_INCREMENT, AUTO_INCREMENT=1004;

--
-- AUTO_INCREMENT for table `tblsubjectcombination`
--
ALTER TABLE `tblsubjectcombination`
  MODIFY `id` int(11) NOT NULL AUTO_INCREMENT, AUTO_INCREMENT=28;

--
-- AUTO_INCREMENT for table `tblsubjects`
--
ALTER TABLE `tblsubjects`
  MODIFY `id` int(11) NOT NULL AUTO_INCREMENT, AUTO_INCREMENT=9;
COMMIT;

/*!40101 SET CHARACTER_SET_CLIENT=@OLD_CHARACTER_SET_CLIENT */;
/*!40101 SET CHARACTER_SET_RESULTS=@OLD_CHARACTER_SET_RESULTS */;
/*!40101 SET COLLATION_CONNECTION=@OLD_COLLATION_CONNECTION */;
